run_id,label,head_type,assay_mode,max_nM,n_bins,epoch,epoch_time_s,train_loss,val_loss,val_spearman,val_pearson,val_rmse_log10,val_accuracy,val_auroc,val_auprc
dist-ba-clean-fix-c01,c01_mhcflurry_additive_max50k,mhcflurry,additive,50000,128,1,4.999,0.09075777509877848,0.07636490902479957,0.2869037985801697,0.2885068953037262,1.4342892169952393,0.5717111825942993,0.6323864459991455,0.5929117202758789
dist-ba-clean-fix-c01,c01_mhcflurry_additive_max50k,mhcflurry,additive,50000,128,2,3.974,0.06769420298957085,0.05951065186630277,0.4862828850746155,0.48082345724105835,1.311439871788025,0.6726014018058777,0.7369222044944763,0.698584794998169
dist-ba-clean-fix-c01,c01_mhcflurry_additive_max50k,mhcflurry,additive,50000,128,3,3.95,0.05684461320439974,0.054473120938329136,0.5540012717247009,0.5470603108406067,1.2706804275512695,0.6960105299949646,0.7730119228363037,0.7401335835456848
dist-ba-clean-fix-c01,c01_mhcflurry_additive_max50k,mhcflurry,additive,50000,128,4,3.947,0.05294915981764017,0.05064652213717208,0.5788200497627258,0.5744558572769165,1.203087568283081,0.7177711725234985,0.7857142090797424,0.7560615539550781
dist-ba-clean-fix-c01,c01_mhcflurry_additive_max50k,mhcflurry,additive,50000,128,5,3.941,0.050720578680435814,0.04897692690000815,0.5965287089347839,0.5914050936698914,1.193994402885437,0.7190899848937988,0.79438716173172,0.7672312259674072
dist-ba-clean-fix-c01,c01_mhcflurry_additive_max50k,mhcflurry,additive,50000,128,6,4.238,0.04920572992558627,0.04794282334692338,0.6076177358627319,0.6030204892158508,1.1731703281402588,0.7250247001647949,0.8004717826843262,0.7738187313079834
dist-ba-clean-fix-c01,c01_mhcflurry_additive_max50k,mhcflurry,additive,50000,128,7,3.951,0.048332710598790365,0.04736018651986823,0.6149527430534363,0.6105050444602966,1.1629384756088257,0.7306297421455383,0.8041197061538696,0.778080403804779
dist-ba-clean-fix-c01,c01_mhcflurry_additive_max50k,mhcflurry,additive,50000,128,8,3.929,0.04775513789450475,0.04697099240387187,0.6220114231109619,0.6175748109817505,1.1521904468536377,0.7329376935958862,0.8080251216888428,0.7832348942756653
dist-ba-clean-fix-c01,c01_mhcflurry_additive_max50k,mhcflurry,additive,50000,128,9,3.927,0.04742946443978206,0.04657140834366574,0.6251116991043091,0.6199784278869629,1.1545723676681519,0.7316188812255859,0.8099152445793152,0.7847406268119812
dist-ba-clean-fix-c01,c01_mhcflurry_additive_max50k,mhcflurry,additive,50000,128,10,3.937,0.04701857736637426,0.04642089467276545,0.6275354623794556,0.6224733591079712,1.1493257284164429,0.734586238861084,0.8112374544143677,0.7867008447647095
dist-ba-clean-fix-c02,c02_mhcflurry_additive_max200k,mhcflurry,additive,200000,128,1,5.956,0.07014802667175153,0.05999403052470263,0.32139384746551514,0.32210537791252136,1.4407169818878174,0.5858885645866394,0.6491011381149292,0.6082874536514282
dist-ba-clean-fix-c02,c02_mhcflurry_additive_max200k,mhcflurry,additive,200000,128,2,4.444,0.053472324195065236,0.04715610624236219,0.5158174633979797,0.5103825926780701,1.2879306077957153,0.68513023853302,0.7527437210083008,0.7147624492645264
dist-ba-clean-fix-c02,c02_mhcflurry_additive_max200k,mhcflurry,additive,200000,128,3,4.423,0.045582614434781926,0.044004625531242174,0.5708680748939514,0.5650290846824646,1.2630053758621216,0.7029343843460083,0.7815528512001038,0.7499709725379944
dist-ba-clean-fix-c02,c02_mhcflurry_additive_max200k,mhcflurry,additive,200000,128,4,4.424,0.04272934040704439,0.040953432757626564,0.5964799523353577,0.5918238162994385,1.1910979747772217,0.7223870754241943,0.7943044900894165,0.7641334533691406
dist-ba-clean-fix-c02,c02_mhcflurry_additive_max200k,mhcflurry,additive,200000,128,5,4.457,0.041050945372544514,0.03975368072004879,0.6124207973480225,0.6076154708862305,1.1808315515518188,0.7246950268745422,0.8019077181816101,0.7733599543571472
dist-ba-clean-fix-c02,c02_mhcflurry_additive_max200k,mhcflurry,additive,200000,128,6,4.72,0.039897627753111745,0.03895279666518464,0.6229740977287292,0.6178444623947144,1.1627302169799805,0.7329376935958862,0.8080515265464783,0.7797874808311462
dist-ba-clean-fix-c02,c02_mhcflurry_additive_max200k,mhcflurry,additive,200000,128,7,4.353,0.039294153870653735,0.03862214554101229,0.6285647749900818,0.623576283454895,1.1530077457427979,0.7382130026817322,0.810539722442627,0.7835325002670288
dist-ba-clean-fix-c02,c02_mhcflurry_additive_max200k,mhcflurry,additive,200000,128,8,4.366,0.03874413734085338,0.038299842628047746,0.6355708837509155,0.6300427317619324,1.1419219970703125,0.7405209541320801,0.8145796060562134,0.7882239818572998
dist-ba-clean-fix-c02,c02_mhcflurry_additive_max200k,mhcflurry,additive,200000,128,9,4.35,0.038530929331747135,0.037991973352344596,0.6381109356880188,0.632422685623169,1.1464602947235107,0.7405209541320801,0.8161867260932922,0.789604127407074
dist-ba-clean-fix-c02,c02_mhcflurry_additive_max200k,mhcflurry,additive,200000,128,10,4.374,0.03824709780340971,0.037910573184490204,0.6397463083267212,0.63410484790802,1.140857458114624,0.7431585788726807,0.8169549703598022,0.7910698652267456
dist-ba-clean-fix-c03,c03_log_mse_additive_max50k,log_mse,additive,50000,128,1,4.76,34.91857102859852,9.745243296903723,0.08002232015132904,0.08861693739891052,1.5099436044692993,0.5199472308158875,0.5379010438919067,0.5046667456626892
dist-ba-clean-fix-c03,c03_log_mse_additive_max50k,log_mse,additive,50000,128,2,3.638,8.367077505865762,7.171865771798527,0.43314477801322937,0.43439367413520813,1.3600841760635376,0.6416089534759521,0.7086074352264404,0.6725184917449951
dist-ba-clean-fix-c03,c03_log_mse_additive_max50k,log_mse,additive,50000,128,3,3.613,6.836563605670781,6.376852077596328,0.5331346392631531,0.5279691815376282,1.291694164276123,0.6897461414337158,0.762636125087738,0.7262566685676575
dist-ba-clean-fix-c03,c03_log_mse_additive_max50k,log_mse,additive,50000,128,4,3.614,6.258065574852995,5.9094985232633706,0.5649407505989075,0.5598725080490112,1.2277616262435913,0.7105176448822021,0.7790703773498535,0.746677577495575
dist-ba-clean-fix-c03,c03_log_mse_additive_max50k,log_mse,additive,50000,128,5,3.627,5.990672484848851,5.768118563820334,0.585395336151123,0.5814613699913025,1.2352051734924316,0.7141444087028503,0.7888696193695068,0.7595763206481934
dist-ba-clean-fix-c03,c03_log_mse_additive_max50k,log_mse,additive,50000,128,6,3.901,5.783219097196594,5.540033403564902,0.5958016514778137,0.5911262035369873,1.1896172761917114,0.7230464816093445,0.7941524982452393,0.7642638087272644
dist-ba-clean-fix-c03,c03_log_mse_additive_max50k,log_mse,additive,50000,128,7,3.73,5.679196590601012,5.45963436014512,0.6036578416824341,0.5992765426635742,1.1908077001571655,0.7256841659545898,0.7980028390884399,0.7698454260826111
dist-ba-clean-fix-c03,c03_log_mse_additive_max50k,log_mse,additive,50000,128,8,3.679,5.584131189094958,5.395546022583456,0.6101298332214355,0.6059508323669434,1.1732107400894165,0.727992057800293,0.8016560077667236,0.7735650539398193
dist-ba-clean-fix-c03,c03_log_mse_additive_max50k,log_mse,additive,50000,128,9,3.61,5.559620868328006,5.373016904382145,0.61264967918396,0.6085086464881897,1.1791138648986816,0.727992057800293,0.8027848601341248,0.7740534543991089
dist-ba-clean-fix-c03,c03_log_mse_additive_max50k,log_mse,additive,50000,128,10,3.616,5.51033707552178,5.348865074269912,0.6140890121459961,0.6096328496932983,1.1752134561538696,0.7306297421455383,0.8034778237342834,0.7752392888069153
dist-ba-clean-fix-c04,c04_log_mse_additive_max200k,log_mse,additive,200000,128,1,4.877,35.847338779952175,10.225475844214944,0.08612819015979767,0.09536582231521606,1.5121270418167114,0.5199472308158875,0.5407776236534119,0.5067737102508545
dist-ba-clean-fix-c04,c04_log_mse_additive_max200k,log_mse,additive,200000,128,2,3.76,8.792860419251198,7.588134990018957,0.4335249960422516,0.4343377947807312,1.3679977655410767,0.6363336443901062,0.7084100842475891,0.6712549924850464
dist-ba-clean-fix-c04,c04_log_mse_additive_max200k,log_mse,additive,200000,128,3,3.751,7.175282725992129,6.714605247273164,0.5363243818283081,0.5315529704093933,1.2929697036743164,0.6913946866989136,0.7642057538032532,0.7267705798149109
dist-ba-clean-fix-c04,c04_log_mse_additive_max200k,log_mse,additive,200000,128,4,4.179,6.554816774619642,6.231663914287791,0.568192720413208,0.5635714530944824,1.2283681631088257,0.7121661901473999,0.7807803153991699,0.7464891076087952
dist-ba-clean-fix-c04,c04_log_mse_additive_max200k,log_mse,additive,200000,128,5,3.836,6.267894589623739,6.087809261153726,0.5885035991668701,0.583931565284729,1.2417017221450806,0.7124958634376526,0.7905673384666443,0.7600215077400208
dist-ba-clean-fix-c04,c04_log_mse_additive_max200k,log_mse,additive,200000,128,6,4.358,6.050845168357672,5.837428815224591,0.5988599061965942,0.5937782526016235,1.1914310455322266,0.721068263053894,0.7956576347351074,0.7651842832565308
dist-ba-clean-fix-c04,c04_log_mse_additive_max200k,log_mse,additive,200000,128,7,4.079,5.937954854595569,5.755206851398244,0.6067413091659546,0.6014961004257202,1.193361759185791,0.7220573425292969,0.7994257211685181,0.7703543305397034
dist-ba-clean-fix-c04,c04_log_mse_additive_max200k,log_mse,additive,200000,128,8,4.152,5.843624639880749,5.684417871867909,0.6136465668678284,0.6083412766456604,1.1752917766571045,0.7312891483306885,0.8030610680580139,0.7744194269180298
dist-ba-clean-fix-c04,c04_log_mse_additive_max200k,log_mse,additive,200000,128,9,4.0,5.819906999898511,5.668087755932527,0.6159836053848267,0.6102983951568604,1.1829148530960083,0.7270029783248901,0.8041014671325684,0.7750663757324219
dist-ba-clean-fix-c04,c04_log_mse_additive_max200k,log_mse,additive,200000,128,10,4.136,5.764808867328851,5.640616543152753,0.6171874403953552,0.6113812923431396,1.1777865886688232,0.7286515235900879,0.8045988082885742,0.7762205004692078
dist-ba-clean-fix-c05,c05_twohot_d2_logit_max50k_K64,twohot,d2_logit,50000,64,1,4.901,4.029447313427001,3.8870112545350017,0.16641241312026978,0.1586826741695404,1.5053205490112305,0.5199472308158875,0.5695793628692627,0.5407474637031555
dist-ba-clean-fix-c05,c05_twohot_d2_logit_max50k_K64,twohot,d2_logit,50000,64,2,3.84,3.7680343324823897,3.7760891668936787,0.30462944507598877,0.2920873165130615,1.42019784450531,0.6155621409416199,0.6387524008750916,0.6064218282699585
dist-ba-clean-fix-c05,c05_twohot_d2_logit_max50k_K64,twohot,d2_logit,50000,64,3,3.834,3.693339706391327,3.7054856419563293,0.4281935691833496,0.4194035530090332,1.3532377481460571,0.665677547454834,0.7034456133842468,0.6711386442184448
dist-ba-clean-fix-c05,c05_twohot_d2_logit_max50k_K64,twohot,d2_logit,50000,64,4,3.818,3.638032172077386,3.660339152111727,0.4810951054096222,0.47139790654182434,1.3025422096252441,0.6880975961685181,0.7332668304443359,0.7035397291183472
dist-ba-clean-fix-c05,c05_twohot_d2_logit_max50k_K64,twohot,d2_logit,50000,64,5,3.779,3.6119913962460304,3.635021314901464,0.5097640156745911,0.5005855560302734,1.269142746925354,0.7032641172409058,0.7486189603805542,0.7195168137550354
dist-ba-clean-fix-c05,c05_twohot_d2_logit_max50k_K64,twohot,d2_logit,50000,64,6,4.076,3.5781907647155053,3.6171179063179912,0.5242432951927185,0.5158500671386719,1.2643963098526,0.6996372938156128,0.7576630115509033,0.7300313711166382
dist-ba-clean-fix-c05,c05_twohot_d2_logit_max50k_K64,twohot,d2_logit,50000,64,7,3.814,3.5634966672852983,3.6084905722562004,0.5347626209259033,0.5276882648468018,1.2489299774169922,0.7032641172409058,0.7625877857208252,0.7351415753364563
dist-ba-clean-fix-c05,c05_twohot_d2_logit_max50k_K64,twohot,d2_logit,50000,64,8,3.813,3.55923364143963,3.6024933492436126,0.5427682399749756,0.5351343750953674,1.2388360500335693,0.7085394263267517,0.7671372294425964,0.7392196655273438
dist-ba-clean-fix-c05,c05_twohot_d2_logit_max50k_K64,twohot,d2_logit,50000,64,9,3.747,3.5505013244096624,3.5982590493033912,0.545137345790863,0.5379408597946167,1.2386034727096558,0.7088690996170044,0.7683711051940918,0.7401140928268433
dist-ba-clean-fix-c05,c05_twohot_d2_logit_max50k_K64,twohot,d2_logit,50000,64,10,3.719,3.5563583817592885,3.595743179321289,0.5485002994537354,0.5415679812431335,1.235361933708191,0.7095285058021545,0.7702577114105225,0.7419134974479675
dist-ba-clean-fix-c06,c06_twohot_d2_logit_max50k_K128,twohot,d2_logit,50000,128,1,6.146,4.59041176101034,4.389581413830028,0.09248822927474976,0.09208798408508301,1.526468276977539,0.5199472308158875,0.5435161590576172,0.5047379732131958
dist-ba-clean-fix-c06,c06_twohot_d2_logit_max50k_K128,twohot,d2_logit,50000,128,2,4.598,4.271305171094199,4.264705864822163,0.2892990708351135,0.28633901476860046,1.4441498517990112,0.5944609045982361,0.6308882236480713,0.5949673056602478
dist-ba-clean-fix-c06,c06_twohot_d2_logit_max50k_K128,twohot,d2_logit,50000,128,3,4.529,4.1912123602490094,4.206483854967005,0.3965083062648773,0.39004117250442505,1.398175597190857,0.6412792801856995,0.6853755712509155,0.653258204460144
dist-ba-clean-fix-c06,c06_twohot_d2_logit_max50k_K128,twohot,d2_logit,50000,128,4,4.523,4.131322620450988,4.1534280426361985,0.45701512694358826,0.4466909170150757,1.3202978372573853,0.6722716689109802,0.7188529968261719,0.6860050559043884
dist-ba-clean-fix-c06,c06_twohot_d2_logit_max50k_K128,twohot,d2_logit,50000,128,5,4.472,4.096504329710967,4.127666284056271,0.4794558584690094,0.47241678833961487,1.3084864616394043,0.6890867352485657,0.7326768040657043,0.7025741338729858
dist-ba-clean-fix-c06,c06_twohot_d2_logit_max50k_K128,twohot,d2_logit,50000,128,6,4.832,4.071929946426273,4.1081836118417625,0.5003110766410828,0.4920697808265686,1.2821533679962158,0.6930431723594666,0.7445573210716248,0.7141510248184204
dist-ba-clean-fix-c06,c06_twohot_d2_logit_max50k_K128,twohot,d2_logit,50000,128,7,4.5,4.0623510419860365,4.099408226854661,0.5107572674751282,0.5017966628074646,1.269671082496643,0.6983184814453125,0.7501189112663269,0.7194468379020691
dist-ba-clean-fix-c06,c06_twohot_d2_logit_max50k_K128,twohot,d2_logit,50000,128,8,4.501,4.045533270798912,4.092653407770045,0.5149334669113159,0.507523775100708,1.2689727544784546,0.6960105299949646,0.7523918747901917,0.722244381904602
dist-ba-clean-fix-c06,c06_twohot_d2_logit_max50k_K128,twohot,d2_logit,50000,128,9,4.49,4.044159961301227,4.089820157079136,0.5194424986839294,0.5120997428894043,1.2639732360839844,0.6969996690750122,0.7548234462738037,0.7242558002471924
dist-ba-clean-fix-c06,c06_twohot_d2_logit_max50k_K128,twohot,d2_logit,50000,128,10,4.511,4.046412700830504,4.087893068790436,0.522182822227478,0.5150834321975708,1.261090874671936,0.6956808567047119,0.7560889720916748,0.726059079170227
dist-ba-clean-fix-c07,c07_twohot_d2_logit_max200k_K64,twohot,d2_logit,200000,64,1,5.092,3.476484771846801,3.397351054584279,0.19531264901161194,0.19239860773086548,1.5629055500030518,0.5199472308158875,0.5846831798553467,0.5591922998428345
dist-ba-clean-fix-c07,c07_twohot_d2_logit_max200k_K64,twohot,d2_logit,200000,64,2,3.953,3.325000657591709,3.270618761287016,0.3599812686443329,0.3499048352241516,1.4158753156661987,0.6330366134643555,0.6666343212127686,0.6351603269577026
dist-ba-clean-fix-c07,c07_twohot_d2_logit_max200k_K64,twohot,d2_logit,200000,64,3,4.015,3.226156192232472,3.193244481787962,0.47156041860580444,0.4657394587993622,1.3491886854171753,0.682162880897522,0.7271274328231812,0.6921295523643494
dist-ba-clean-fix-c07,c07_twohot_d2_logit_max200k_K64,twohot,d2_logit,200000,64,4,4.021,3.1708861709565155,3.1530777286080753,0.5061604976654053,0.4973015785217285,1.2980706691741943,0.6993076205253601,0.7466643452644348,0.7142602205276489
dist-ba-clean-fix-c07,c07_twohot_d2_logit_max200k_K64,twohot,d2_logit,200000,64,5,4.173,3.1349183736845503,3.1264923039604637,0.5248033404350281,0.5165210366249084,1.272965431213379,0.6989778876304626,0.7571210861206055,0.7281079888343811
dist-ba-clean-fix-c07,c07_twohot_d2_logit_max200k_K64,twohot,d2_logit,200000,64,6,4.49,3.1083884239196777,3.1063105358796963,0.5373767614364624,0.5295148491859436,1.2683722972869873,0.7055720686912537,0.7646739482879639,0.7388566732406616
dist-ba-clean-fix-c07,c07_twohot_d2_logit_max200k_K64,twohot,d2_logit,200000,64,7,4.162,3.0873941543490386,3.0961093657157,0.5460224151611328,0.5391634702682495,1.2572294473648071,0.7075502872467041,0.7684010863304138,0.7439889311790466
dist-ba-clean-fix-c07,c07_twohot_d2_logit_max200k_K64,twohot,d2_logit,200000,64,8,3.989,3.0808438996011898,3.0902451907887176,0.553861677646637,0.545884370803833,1.242824673652649,0.7144741415977478,0.7729510068893433,0.7485231757164001
dist-ba-clean-fix-c07,c07_twohot_d2_logit_max200k_K64,twohot,d2_logit,200000,64,9,4.015,3.0751056597214337,3.0847941707162296,0.5559619665145874,0.5486079454421997,1.2460973262786865,0.7118364572525024,0.7738843560218811,0.7502157092094421
dist-ba-clean-fix-c07,c07_twohot_d2_logit_max200k_K64,twohot,d2_logit,200000,64,10,4.066,3.067096386769021,3.080903032246758,0.5584326386451721,0.5514639616012573,1.245077133178711,0.7121661901473999,0.7753481268882751,0.7522608041763306
dist-ba-clean-fix-c08,c08_twohot_d2_logit_max200k_K128,twohot,d2_logit,200000,128,1,8.069,4.009252967760545,3.917225388919606,0.17528754472732544,0.17684046924114227,1.5479440689086914,0.5199472308158875,0.580736517906189,0.5300991535186768
dist-ba-clean-fix-c08,c08_twohot_d2_logit_max200k_K128,twohot,d2_logit,200000,128,2,6.12,3.8532770530197973,3.795087796800277,0.32091930508613586,0.3173452913761139,1.4746817350387573,0.599736213684082,0.647293746471405,0.6104292869567871
dist-ba-clean-fix-c08,c08_twohot_d2_logit_max200k_K128,twohot,d2_logit,200000,128,3,6.285,3.7565767247547477,3.7199657068533054,0.4550427496433258,0.45156538486480713,1.3804419040679932,0.6594130992889404,0.7178447246551514,0.6741251349449158
dist-ba-clean-fix-c08,c08_twohot_d2_logit_max200k_K128,twohot,d2_logit,200000,128,4,6.402,3.6962855860244397,3.6785467863082886,0.49822330474853516,0.49186453223228455,1.2941986322402954,0.6854599118232727,0.7412621974945068,0.70131516456604
dist-ba-clean-fix-c08,c08_twohot_d2_logit_max200k_K128,twohot,d2_logit,200000,128,5,6.298,3.6547664893690004,3.6449834739460663,0.5172062516212463,0.5130813121795654,1.2906391620635986,0.6930431723594666,0.7523282766342163,0.7171239852905273
dist-ba-clean-fix-c08,c08_twohot_d2_logit_max200k_K128,twohot,d2_logit,200000,128,6,6.784,3.6276833216349282,3.624369270661298,0.5316379070281982,0.5269009470939636,1.269153356552124,0.7055720686912537,0.7605308294296265,0.7269607186317444
dist-ba-clean-fix-c08,c08_twohot_d2_logit_max200k_K128,twohot,d2_logit,200000,128,7,6.502,3.6104441188102543,3.6143195453812096,0.5394558310508728,0.5339202880859375,1.2526596784591675,0.7052423357963562,0.7644287347793579,0.7327404022216797
dist-ba-clean-fix-c08,c08_twohot_d2_logit_max200k_K128,twohot,d2_logit,200000,128,8,6.281,3.596146810886472,3.604116422288558,0.5428326725959778,0.5386034250259399,1.2561028003692627,0.7078799605369568,0.766105055809021,0.7358698844909668
dist-ba-clean-fix-c08,c08_twohot_d2_logit_max200k_K128,twohot,d2_logit,200000,128,9,6.075,3.588204393091128,3.6005421666538013,0.547397792339325,0.5431591868400574,1.249305009841919,0.7088690996170044,0.768634557723999,0.7383803725242615
dist-ba-clean-fix-c08,c08_twohot_d2_logit_max200k_K128,twohot,d2_logit,200000,128,10,5.951,3.5830755714298217,3.597732088145088,0.5502620935440063,0.5462501049041748,1.2463661432266235,0.709858238697052,0.7699515223503113,0.7399572134017944
dist-ba-clean-fix-c09,c09_hlgauss_d2_logit_max50k_K64_s0.75,hlgauss,d2_logit,50000,64,1,5.541,4.040429762167524,3.911835565286524,0.172982320189476,0.16670015454292297,1.5055686235427856,0.5199472308158875,0.5725191235542297,0.543950617313385
dist-ba-clean-fix-c09,c09_hlgauss_d2_logit_max50k_K64_s0.75,hlgauss,d2_logit,50000,64,2,4.324,3.786099071650542,3.793739939437193,0.32177969813346863,0.31089553236961365,1.4093772172927856,0.6247939467430115,0.647596001625061,0.6146752834320068
dist-ba-clean-fix-c09,c09_hlgauss_d2_logit_max50k_K64_s0.75,hlgauss,d2_logit,50000,64,3,4.31,3.704687946526579,3.7174398864016815,0.4499088227748871,0.4441775381565094,1.3366568088531494,0.673920214176178,0.7155783176422119,0.6827107667922974
dist-ba-clean-fix-c09,c09_hlgauss_d2_logit_max50k_K64_s0.75,hlgauss,d2_logit,50000,64,4,4.233,3.6473276781481365,3.673821985721588,0.4958881139755249,0.4872168302536011,1.2870408296585083,0.6969996690750122,0.7416946291923523,0.7122421860694885
dist-ba-clean-fix-c09,c09_hlgauss_d2_logit_max50k_K64_s0.75,hlgauss,d2_logit,50000,64,5,4.691,3.6231388750002367,3.6490135823979095,0.5215175151824951,0.5132544636726379,1.2592276334762573,0.7039235234260559,0.7556103467941284,0.7265720367431641
dist-ba-clean-fix-c09,c09_hlgauss_d2_logit_max50k_K64_s0.75,hlgauss,d2_logit,50000,64,6,6.045,3.590577473012052,3.6315127961775837,0.5363766551017761,0.528465211391449,1.2513587474822998,0.7032641172409058,0.7644666433334351,0.7367733716964722
dist-ba-clean-fix-c09,c09_hlgauss_d2_logit_max50k_K64_s0.75,hlgauss,d2_logit,50000,64,7,4.516,3.576475925223772,3.6232824570992412,0.5450518727302551,0.5382248759269714,1.2376506328582764,0.7042531967163086,0.768119752407074,0.7403476238250732
dist-ba-clean-fix-c09,c09_hlgauss_d2_logit_max50k_K64_s0.75,hlgauss,d2_logit,50000,64,8,4.536,3.572016642075176,3.616625933086171,0.5526736974716187,0.5456851124763489,1.2287625074386597,0.7072205543518066,0.7725580930709839,0.7447472810745239
dist-ba-clean-fix-c09,c09_hlgauss_d2_logit_max50k_K64_s0.75,hlgauss,d2_logit,50000,64,9,4.388,3.5635674812997036,3.613145961480982,0.5549123883247375,0.5481330156326294,1.2275116443634033,0.7091988325119019,0.7735868692398071,0.7460854649543762
dist-ba-clean-fix-c09,c09_hlgauss_d2_logit_max50k_K64_s0.75,hlgauss,d2_logit,50000,64,10,4.396,3.569506892862246,3.610317843801835,0.5583452582359314,0.5518584251403809,1.2243947982788086,0.7108473181724548,0.7756320238113403,0.7482439279556274
dist-ba-clean-fix-c10,c10_hlgauss_d2_logit_max50k_K128_s0.75,hlgauss,d2_logit,50000,128,1,5.477,4.601765590120656,4.415178944082821,0.1047694981098175,0.10488887876272202,1.5283209085464478,0.5199472308158875,0.5492122769355774,0.5100398659706116
dist-ba-clean-fix-c10,c10_hlgauss_d2_logit_max50k_K128_s0.75,hlgauss,d2_logit,50000,128,2,4.133,4.293230934660564,4.2879127754884605,0.30227071046829224,0.2993641197681427,1.436377763748169,0.6007253527641296,0.637582540512085,0.602089524269104
dist-ba-clean-fix-c10,c10_hlgauss_d2_logit_max50k_K128_s0.75,hlgauss,d2_logit,50000,128,3,4.166,4.208656837773877,4.220425791600171,0.41774484515190125,0.41359391808509827,1.3755607604980469,0.652159571647644,0.696911096572876,0.6624935865402222
dist-ba-clean-fix-c10,c10_hlgauss_d2_logit_max50k_K128_s0.75,hlgauss,d2_logit,50000,128,4,4.118,4.143183129702428,4.167377748910119,0.47255226969718933,0.46589475870132446,1.3053925037384033,0.6824925541877747,0.7278595566749573,0.6942484378814697
dist-ba-clean-fix-c10,c10_hlgauss_d2_logit_max50k_K128_s0.75,hlgauss,d2_logit,50000,128,5,4.149,4.109668186468672,4.145733286352718,0.49085673689842224,0.4860319495201111,1.299655556678772,0.6953511238098145,0.7394137978553772,0.7102238535881042
dist-ba-clean-fix-c10,c10_hlgauss_d2_logit_max50k_K128_s0.75,hlgauss,d2_logit,50000,128,6,4.44,4.087724966596263,4.126336599097533,0.5131918787956238,0.5061419606208801,1.2674444913864136,0.6989778876304626,0.7516706585884094,0.7207990884780884
dist-ba-clean-fix-c10,c10_hlgauss_d2_logit_max50k_K128_s0.75,hlgauss,d2_logit,50000,128,7,4.106,4.079462326774301,4.117380608530605,0.5218957662582397,0.5145039558410645,1.2586983442306519,0.7012858390808105,0.7561877965927124,0.7264700531959534
dist-ba-clean-fix-c10,c10_hlgauss_d2_logit_max50k_K128_s0.75,hlgauss,d2_logit,50000,128,8,4.036,4.063161079273668,4.110992067000446,0.5266134738922119,0.5204574465751648,1.2568378448486328,0.7029343843460083,0.7585954070091248,0.7286184430122375
dist-ba-clean-fix-c10,c10_hlgauss_d2_logit_max50k_K128_s0.75,hlgauss,d2_logit,50000,128,9,4.036,4.061591542044352,4.108325257020838,0.5310702919960022,0.5250015258789062,1.2516546249389648,0.7052423357963562,0.7610146403312683,0.7308299541473389
dist-ba-clean-fix-c10,c10_hlgauss_d2_logit_max50k_K128_s0.75,hlgauss,d2_logit,50000,128,10,4.0,4.063598056172216,4.106114008847405,0.5334116220474243,0.5276460647583008,1.2495800256729126,0.7072205543518066,0.7620712518692017,0.7324816584587097
dist-ba-clean-fix-c11,c11_hlgauss_d2_logit_max200k_K64_s0.75,hlgauss,d2_logit,200000,64,1,5.266,3.4726612734240154,3.3978223940905403,0.20914886891841888,0.20965932309627533,1.5606203079223633,0.5199472308158875,0.5908095836639404,0.5634766221046448
dist-ba-clean-fix-c11,c11_hlgauss_d2_logit_max200k_K64_s0.75,hlgauss,d2_logit,200000,64,2,4.181,3.319316793781842,3.2601964052985695,0.39051583409309387,0.3806794285774231,1.3934236764907837,0.6402901411056519,0.6825446486473083,0.6492740511894226
dist-ba-clean-fix-c11,c11_hlgauss_d2_logit_max200k_K64_s0.75,hlgauss,d2_logit,200000,64,3,4.22,3.220874773439511,3.1848628485904023,0.4865443706512451,0.48139017820358276,1.3332246541976929,0.6923837661743164,0.7356727123260498,0.7005764842033386
dist-ba-clean-fix-c11,c11_hlgauss_d2_logit_max200k_K64_s0.75,hlgauss,d2_logit,200000,64,4,4.203,3.164286314054977,3.143411306773915,0.5175855755805969,0.5088590383529663,1.2850044965744019,0.7035937905311584,0.7530755996704102,0.723206639289856
dist-ba-clean-fix-c11,c11_hlgauss_d2_logit_max200k_K64_s0.75,hlgauss,d2_logit,200000,64,5,4.092,3.129300065742907,3.1164585912928864,0.5364353656768799,0.5289575457572937,1.2632253170013428,0.704582929611206,0.7634222507476807,0.7369592785835266
dist-ba-clean-fix-c11,c11_hlgauss_d2_logit_max200k_K64_s0.75,hlgauss,d2_logit,200000,64,6,4.358,3.1040199505266295,3.098723786718705,0.5496912598609924,0.5423912405967712,1.2543758153915405,0.7095285058021545,0.771225094795227,0.7473093271255493
dist-ba-clean-fix-c11,c11_hlgauss_d2_logit_max200k_K64_s0.75,hlgauss,d2_logit,200000,64,7,4.151,3.0842229155607,3.0887249077067658,0.558418869972229,0.5522027611732483,1.2408250570297241,0.7157929539680481,0.7746238708496094,0.7510952353477478
dist-ba-clean-fix-c11,c11_hlgauss_d2_logit_max200k_K64_s0.75,hlgauss,d2_logit,200000,64,8,4.167,3.078479994175046,3.0827399842879353,0.5659191012382507,0.5588970184326172,1.228840708732605,0.7167820930480957,0.7790957689285278,0.7568307518959045
dist-ba-clean-fix-c11,c11_hlgauss_d2_logit_max200k_K64_s0.75,hlgauss,d2_logit,200000,64,9,4.175,3.0726817652236584,3.0775429255822124,0.5683861970901489,0.5618929862976074,1.230569839477539,0.7154632210731506,0.7802163362503052,0.757394552230835
dist-ba-clean-fix-c11,c11_hlgauss_d2_logit_max200k_K64_s0.75,hlgauss,d2_logit,200000,64,10,4.17,3.065256207488304,3.0736737601897297,0.5708766579627991,0.564856231212616,1.2294459342956543,0.7171117663383484,0.7816670536994934,0.7590411305427551
dist-ba-clean-fix-c12,c12_hlgauss_d2_logit_max200k_K128_s0.75,hlgauss,d2_logit,200000,128,1,5.743,4.005715344303338,3.9149997374590706,0.1987016201019287,0.19964313507080078,1.545819640159607,0.5199472308158875,0.5900787711143494,0.5405957698822021
dist-ba-clean-fix-c12,c12_hlgauss_d2_logit_max200k_K128_s0.75,hlgauss,d2_logit,200000,128,2,4.499,3.8461337607036263,3.787345493541044,0.3448144793510437,0.3417758643627167,1.4558744430541992,0.6188592314720154,0.6597762107849121,0.6220062375068665
dist-ba-clean-fix-c12,c12_hlgauss_d2_logit_max200k_K128_s0.75,hlgauss,d2_logit,200000,128,3,4.464,3.744631610175436,3.7075169647441193,0.47169339656829834,0.46868249773979187,1.3587523698806763,0.6722716689109802,0.7275037169456482,0.6848587989807129
dist-ba-clean-fix-c12,c12_hlgauss_d2_logit_max200k_K128_s0.75,hlgauss,d2_logit,200000,128,4,4.473,3.682734178942303,3.663603225175072,0.508722186088562,0.5038540959358215,1.2842501401901245,0.6930431723594666,0.7475706934928894,0.7100139260292053
dist-ba-clean-fix-c12,c12_hlgauss_d2_logit_max200k_K128_s0.75,hlgauss,d2_logit,200000,128,5,4.483,3.642486483551735,3.633678341613096,0.5247967839241028,0.5219020247459412,1.2817937135696411,0.7032641172409058,0.7571324706077576,0.7246192693710327
dist-ba-clean-fix-c12,c12_hlgauss_d2_logit_max200k_K128_s0.75,hlgauss,d2_logit,200000,128,6,4.793,3.619645438453024,3.614748576108147,0.5410177707672119,0.5367391109466553,1.256216049194336,0.7049126029014587,0.7662287950515747,0.7361887693405151
dist-ba-clean-fix-c12,c12_hlgauss_d2_logit_max200k_K128_s0.75,hlgauss,d2_logit,200000,128,7,4.489,3.604537568351095,3.6052106163081,0.5481432676315308,0.5434673428535461,1.2437117099761963,0.709858238697052,0.7697529792785645,0.7412658333778381
dist-ba-clean-fix-c12,c12_hlgauss_d2_logit_max200k_K128_s0.75,hlgauss,d2_logit,200000,128,8,4.53,3.5918059034865033,3.59567154155058,0.5525444149971008,0.5487455725669861,1.2438950538635254,0.7121661901473999,0.7718591094017029,0.7445616722106934
dist-ba-clean-fix-c12,c12_hlgauss_d2_logit_max200k_K128_s0.75,hlgauss,d2_logit,200000,128,9,4.511,3.5844235106032025,3.5920630973928116,0.5569339990615845,0.5532580018043518,1.2391479015350342,0.7134850025177002,0.7742000222206116,0.7470961213111877
dist-ba-clean-fix-c12,c12_hlgauss_d2_logit_max200k_K128_s0.75,hlgauss,d2_logit,200000,128,10,4.491,3.57925783016885,3.589254677295685,0.5597305297851562,0.5563388466835022,1.236148476600647,0.7138146758079529,0.7754939198493958,0.7482424378395081
