label,split,metric,summary_value,recomputed_value,abs_diff,within_tolerance
c01_mhcflurry_additive_max50k,test,accuracy,0.7261146306991577,0.7261146496815286,1.8982370897369094e-08,True
c01_mhcflurry_additive_max50k,test,auprc,0.7910067439079285,0.7910813734312933,7.462952336478867e-05,True
c01_mhcflurry_additive_max50k,test,auroc,0.8041709661483765,0.804170534769749,4.313786274856568e-07,True
c01_mhcflurry_additive_max50k,test,balanced_accuracy,0.7243706583976746,0.7243706686241067,1.022643214554364e-08,True
c01_mhcflurry_additive_max50k,test,f1,0.6988573593219886,0.6988573534832289,5.8387596979514456e-09,True
c01_mhcflurry_additive_max50k,test,pearson,0.6045941710472107,0.6045941925706307,2.1523420046243302e-08,True
c01_mhcflurry_additive_max50k,test,precision,0.7541766166687012,0.7541766109785203,5.6901808820342126e-09,True
c01_mhcflurry_additive_max50k,test,recall,0.651098906993866,0.6510989010989011,5.8949648495953966e-09,True
c01_mhcflurry_additive_max50k,test,rmse_log10,1.1632225513458252,1.1632225305351556,2.0810669631998735e-08,True
c01_mhcflurry_additive_max50k,test,spearman,0.6048024296760559,0.604805336753938,2.9070778820861065e-06,True
c01_mhcflurry_additive_max50k,val,accuracy,0.734586238861084,0.7345862182657434,2.0595340544105056e-08,True
c01_mhcflurry_additive_max50k,val,auprc,0.7867008447647095,0.7866786774203864,2.2167344323031912e-05,True
c01_mhcflurry_additive_max50k,val,auroc,0.8112374544143677,0.8112372131673019,2.412470657686683e-07,True
c01_mhcflurry_additive_max50k,val,balanced_accuracy,0.7325163185596466,0.7325163145351794,4.024467203933568e-09,True
c01_mhcflurry_additive_max50k,val,f1,0.711158957590218,0.7111589522784356,5.311782347305893e-09,True
c01_mhcflurry_additive_max50k,val,pearson,0.6224733591079712,0.6224732889154897,7.019248149386925e-08,True
c01_mhcflurry_additive_max50k,val,precision,0.7445529699325562,0.7445529676934636,2.2390925780158e-09,True
c01_mhcflurry_additive_max50k,val,recall,0.6806318759918213,0.6806318681318682,7.859953132793862e-09,True
c01_mhcflurry_additive_max50k,val,rmse_log10,1.1493257284164429,1.1493257439860132,1.5569570299689417e-08,True
c01_mhcflurry_additive_max50k,val,spearman,0.6275354623794556,0.6275092805007739,2.6181878681641457e-05,True
c02_mhcflurry_additive_max200k,test,accuracy,0.7341602444648743,0.7341602413677506,3.0971236686383463e-09,True
c02_mhcflurry_additive_max200k,test,auprc,0.7973034977912903,0.7973550060808868,5.150828959654685e-05,True
c02_mhcflurry_additive_max200k,test,auroc,0.8124171495437622,0.8124181401440733,9.906003111126438e-07,True
c02_mhcflurry_additive_max200k,test,balanced_accuracy,0.7326124012470245,0.7326124268658649,2.5618840382435337e-08,True
c02_mhcflurry_additive_max200k,test,f1,0.7102667041688571,0.7102667153818049,1.1212947792493821e-08,True
c02_mhcflurry_additive_max200k,test,pearson,0.6208909749984741,0.620890989893916,1.48954418799363e-08,True
c02_mhcflurry_additive_max200k,test,precision,0.7587822079658508,0.7587822014051522,6.560698651014718e-09,True
c02_mhcflurry_additive_max200k,test,recall,0.6675823926925659,0.6675824175824175,2.4889851624187997e-08,True
c02_mhcflurry_additive_max200k,test,rmse_log10,1.1507232189178467,1.1507231091160324,1.0980181430753078e-07,True
c02_mhcflurry_additive_max200k,test,spearman,0.6209179759025574,0.6209209177199995,2.9418174420925425e-06,True
c02_mhcflurry_additive_max200k,val,accuracy,0.7431585788726807,0.7431585888559182,9.983237569954895e-09,True
c02_mhcflurry_additive_max200k,val,auprc,0.7910698652267456,0.7908312113827127,0.0002386538440328767,True
c02_mhcflurry_additive_max200k,val,auroc,0.8169549703598022,0.8169547043001386,2.6605966363391076e-07,True
c02_mhcflurry_additive_max200k,val,balanced_accuracy,0.74112868309021,0.7411286992968984,1.6206688435715932e-08,True
c02_mhcflurry_additive_max200k,val,f1,0.7206884158268062,0.7206884187880961,2.9612898799769027e-09,True
c02_mhcflurry_additive_max200k,val,pearson,0.63410484790802,0.6341047657324353,8.21755846702743e-08,True
c02_mhcflurry_additive_max200k,val,precision,0.7539384961128235,0.7539384846211553,1.1491668172602942e-08,True
c02_mhcflurry_additive_max200k,val,recall,0.6902472376823425,0.6902472527472527,1.506491020819567e-08,True
c02_mhcflurry_additive_max200k,val,rmse_log10,1.140857458114624,1.1408575090162119,5.090158783360721e-08,True
c02_mhcflurry_additive_max200k,val,spearman,0.6397463083267212,0.6397227844112259,2.352391549531596e-05,True
c03_log_mse_additive_max50k,test,accuracy,0.7207509279251099,0.720750921890714,6.034395871878928e-09,True
c03_log_mse_additive_max50k,test,auprc,0.7847844362258911,0.7848264135234337,4.197729754262802e-05,True
c03_log_mse_additive_max50k,test,auroc,0.8007405400276184,0.8007290474751182,1.1492552500214082e-05,True
c03_log_mse_additive_max50k,test,balanced_accuracy,0.7184610366821289,0.7184610167174018,1.9964727093757517e-08,True
c03_log_mse_additive_max50k,test,f1,0.6850661812027942,0.6850661625708885,1.8631905684962646e-08,True
c03_log_mse_additive_max50k,test,pearson,0.5937562584877014,0.5937562388978894,1.9589811994791262e-08,True
c03_log_mse_additive_max50k,test,precision,0.7619848847389221,0.7619848612279226,2.3510999480613748e-08,True
c03_log_mse_additive_max50k,test,recall,0.6222527623176575,0.6222527472527473,1.506491020819567e-08,True
c03_log_mse_additive_max50k,test,rmse_log10,1.1865205764770508,1.1865206131666524,3.668960157909851e-08,True
c03_log_mse_additive_max50k,test,spearman,0.5945550203323364,0.594546525384543,8.494947793424856e-06,True
c03_log_mse_additive_max50k,val,accuracy,0.7306297421455383,0.7306297395318166,2.613721683530912e-09,True
c03_log_mse_additive_max50k,val,auprc,0.7752392888069153,0.7749440197561793,0.0002952690507359579,True
c03_log_mse_additive_max50k,val,auroc,0.8034778237342834,0.8034422972398558,3.5526494427617905e-05,True
c03_log_mse_additive_max50k,val,balanced_accuracy,0.7274468839168549,0.7274468754137429,8.503111992297363e-09,True
c03_log_mse_additive_max50k,val,f1,0.6977432543307918,0.6977432482426933,6.0880984698030716e-09,True
c03_log_mse_additive_max50k,val,pearson,0.6096328496932983,0.6096328572020319,7.508733523842182e-09,True
c03_log_mse_additive_max50k,val,precision,0.7562149167060852,0.756214915797915,9.081702057045504e-10,True
c03_log_mse_additive_max50k,val,recall,0.6476648449897766,0.6476648351648352,9.824941415992328e-09,True
c03_log_mse_additive_max50k,val,rmse_log10,1.1752134561538696,1.1752134536419003,2.5119692992348064e-09,True
c03_log_mse_additive_max50k,val,spearman,0.6140890121459961,0.6140235128756729,6.549927032317715e-05,True
c04_log_mse_additive_max200k,test,accuracy,0.7237679958343506,0.7237680187730473,2.293869671987636e-08,True
c04_log_mse_additive_max200k,test,auprc,0.7866013050079346,0.7866452237558831,4.391874794851258e-05,True
c04_log_mse_additive_max200k,test,auroc,0.8030474781990051,0.8030472106478983,2.675511068250813e-07,True
c04_log_mse_additive_max200k,test,balanced_accuracy,0.7213760316371918,0.7213760371913613,5.5541695687111314e-09,True
c04_log_mse_additive_max200k,test,f1,0.6869300752810731,0.6869300911854104,1.5904337291594572e-08,True
c04_log_mse_additive_max200k,test,pearson,0.598315954208374,0.5983159358145786,1.8393795375715172e-08,True
c04_log_mse_additive_max200k,test,precision,0.7687074542045593,0.7687074829931972,2.8788637917998017e-08,True
c04_log_mse_additive_max200k,test,recall,0.6208791136741638,0.6208791208791209,7.204957075401808e-09,True
c04_log_mse_additive_max200k,test,rmse_log10,1.1864134073257446,1.186413472258415,6.49326703516806e-08,True
c04_log_mse_additive_max200k,test,spearman,0.5994569063186646,0.5994623790550442,5.472736379630305e-06,True
c04_log_mse_additive_max200k,val,accuracy,0.7286515235900879,0.7286515001648532,2.3425234640939152e-08,True
c04_log_mse_additive_max200k,val,auprc,0.7762205004692078,0.7760624706719123,0.00015802979729551137,True
c04_log_mse_additive_max200k,val,auroc,0.8045988082885742,0.8045994707575241,6.624689499190595e-07,True
c04_log_mse_additive_max200k,val,balanced_accuracy,0.7252810597419739,0.7252810402976859,1.9444287957526285e-08,True
c04_log_mse_additive_max200k,val,f1,0.69393826957774,0.6939382670137597,2.5639802503363285e-09,True
c04_log_mse_additive_max200k,val,pearson,0.6113812923431396,0.6113812576257998,3.4717339891798815e-08,True
c04_log_mse_additive_max200k,val,precision,0.7566909790039062,0.7566909975669099,1.8563003689742175e-08,True
c04_log_mse_additive_max200k,val,recall,0.6407967209815979,0.6407967032967034,1.768489454878619e-08,True
c04_log_mse_additive_max200k,val,rmse_log10,1.1777865886688232,1.1777865194014216,6.926740159229894e-08,True
c04_log_mse_additive_max200k,val,spearman,0.6171874403953552,0.6171513421512698,3.6098244085458475e-05,True
c05_twohot_d2_logit_max50k_K64,test,accuracy,0.6946027278900146,0.6946027489104928,2.1020478135902465e-08,True
c05_twohot_d2_logit_max50k_K64,test,auprc,0.7412864565849304,0.7413309496964435,4.449311151311086e-05,True
c05_twohot_d2_logit_max50k_K64,test,auroc,0.7541316747665405,0.7541325733860115,8.986194709459383e-07,True
c05_twohot_d2_logit_max50k_K64,test,balanced_accuracy,0.6930644512176514,0.6930644461955857,5.02206565222707e-09,True
c05_twohot_d2_logit_max50k_K64,test,f1,0.667639537848633,0.6676395476103612,9.761728203550035e-09,True
c05_twohot_d2_logit_max50k_K64,test,pearson,0.5075900554656982,0.5075900899752319,3.4509533675119997e-08,True
c05_twohot_d2_logit_max50k_K64,test,precision,0.7120622396469116,0.7120622568093385,1.7162426924066665e-08,True
c05_twohot_d2_logit_max50k_K64,test,recall,0.6284340620040894,0.6284340659340659,3.929976566396931e-09,True
c05_twohot_d2_logit_max50k_K64,test,rmse_log10,1.2592623233795166,1.2592623515773986,2.8197882029346033e-08,True
c05_twohot_d2_logit_max50k_K64,test,spearman,0.5092076063156128,0.509214037606531,6.431290918151866e-06,True
c05_twohot_d2_logit_max50k_K64,val,accuracy,0.7095285058021545,0.7095285196175404,1.3815385835336258e-08,True
c05_twohot_d2_logit_max50k_K64,val,auprc,0.7419134974479675,0.7419639589275862,5.046147961862424e-05,True
c05_twohot_d2_logit_max50k_K64,val,auroc,0.7702577114105225,0.7702570693415652,6.420689572239624e-07,True
c05_twohot_d2_logit_max50k_K64,val,balanced_accuracy,0.7073659598827362,0.7073659734368358,1.3554099620449733e-08,True
c05_twohot_d2_logit_max50k_K64,val,f1,0.6834351375782821,0.6834351419331657,4.354883564872125e-09,True
c05_twohot_d2_logit_max50k_K64,val,pearson,0.5415679812431335,0.5415679539679009,2.727523262802123e-08,True
c05_twohot_d2_logit_max50k_K64,val,precision,0.7166541218757629,0.7166541070082894,1.4867473585589153e-08,True
c05_twohot_d2_logit_max50k_K64,val,recall,0.6531593203544617,0.6531593406593407,2.0304879000399012e-08,True
c05_twohot_d2_logit_max50k_K64,val,rmse_log10,1.235361933708191,1.2353619801709466,4.646275564290647e-08,True
c05_twohot_d2_logit_max50k_K64,val,spearman,0.5485002994537354,0.5484635029527001,3.679650103527443e-05,True
c06_twohot_d2_logit_max50k_K128,test,accuracy,0.6925913691520691,0.6925913509889373,1.8163131776383068e-08,True
c06_twohot_d2_logit_max50k_K128,test,auprc,0.7412313222885132,0.7412716647697345,4.0342481221311566e-05,True
c06_twohot_d2_logit_max50k_K128,test,auroc,0.7512085437774658,0.7512074328749181,1.1109025477296086e-06,True
c06_twohot_d2_logit_max50k_K128,test,balanced_accuracy,0.6910040080547333,0.6910040066351462,1.4195871145261663e-09,True
c06_twohot_d2_logit_max50k_K128,test,f1,0.6647166236896387,0.6647166361974406,1.2507801905314864e-08,True
c06_twohot_d2_logit_max50k_K128,test,pearson,0.49666687846183777,0.49666696586860737,8.740676959995142e-08,True
c06_twohot_d2_logit_max50k_K128,test,precision,0.7107114791870117,0.7107114933541829,1.4167171213941288e-08,True
c06_twohot_d2_logit_max50k_K128,test,recall,0.6243131756782532,0.6243131868131868,1.1134933641798739e-08,True
c06_twohot_d2_logit_max50k_K128,test,rmse_log10,1.2701375484466553,1.2701375771784444,2.873178917006669e-08,True
c06_twohot_d2_logit_max50k_K128,test,spearman,0.5014086365699768,0.5014182984583511,9.661888374257188e-06,True
c06_twohot_d2_logit_max50k_K128,val,accuracy,0.6956808567047119,0.6956808440487966,1.2655915315740174e-08,True
c06_twohot_d2_logit_max50k_K128,val,auprc,0.726059079170227,0.7257718370065394,0.0002872421636876954,True
c06_twohot_d2_logit_max50k_K128,val,auroc,0.7560889720916748,0.7560883354122099,6.366794649270702e-07,True
c06_twohot_d2_logit_max50k_K128,val,balanced_accuracy,0.693390816450119,0.6933908276251333,1.1175014247299941e-08,True
c06_twohot_d2_logit_max50k_K128,val,f1,0.6673873802885704,0.6673873873873873,7.098816978690081e-09,True
c06_twohot_d2_logit_max50k_K128,val,pearson,0.5150834321975708,0.5150833712429147,6.095465610034267e-08,True
c06_twohot_d2_logit_max50k_K128,val,precision,0.7020469903945923,0.7020470053070508,1.4912458490279334e-08,True
c06_twohot_d2_logit_max50k_K128,val,recall,0.6359890103340149,0.635989010989011,6.549960573920544e-10,True
c06_twohot_d2_logit_max50k_K128,val,rmse_log10,1.261090874671936,1.2610908108582557,6.381368033991919e-08,True
c06_twohot_d2_logit_max50k_K128,val,spearman,0.522182822227478,0.5221422460637137,4.057616376429429e-05,True
c07_twohot_d2_logit_max200k_K64,test,accuracy,0.6979550719261169,0.6979550787797519,6.853634992864954e-09,True
c07_twohot_d2_logit_max200k_K64,test,auprc,0.7503445148468018,0.7504031161950913,5.860134828949981e-05,True
c07_twohot_d2_logit_max200k_K64,test,auroc,0.7617442011833191,0.7617430662003354,1.134982983708177e-06,True
c07_twohot_d2_logit_max200k_K64,test,balanced_accuracy,0.695811927318573,0.6958119238325524,3.4860205833098235e-09,True
c07_twohot_d2_logit_max200k_K64,test,f1,0.661913692110142,0.6619136960600375,3.949895521770941e-09,True
c07_twohot_d2_logit_max200k_K64,test,pearson,0.5208624601364136,0.5208625002563693,4.011995569097593e-08,True
c07_twohot_d2_logit_max200k_K64,test,precision,0.729528546333313,0.7295285359801489,1.0353164103804602e-08,True
c07_twohot_d2_logit_max200k_K64,test,recall,0.6057692170143127,0.6057692307692307,1.3754917982389259e-08,True
c07_twohot_d2_logit_max200k_K64,test,rmse_log10,1.2735334634780884,1.2735334549562487,8.52183967836595e-09,True
c07_twohot_d2_logit_max200k_K64,test,spearman,0.5236984491348267,0.5236983920408025,5.709402417508613e-08,True
c07_twohot_d2_logit_max200k_K64,val,accuracy,0.7121661901473999,0.712166172106825,1.8040574922828512e-08,True
c07_twohot_d2_logit_max200k_K64,val,auprc,0.7522608041763306,0.7519169258283479,0.00034387834798266237,True
c07_twohot_d2_logit_max200k_K64,val,auroc,0.7753481268882751,0.7753474133665953,7.135216798515032e-07,True
c07_twohot_d2_logit_max200k_K64,val,balanced_accuracy,0.7091646790504456,0.7091646661835311,1.2866914422815512e-08,True
c07_twohot_d2_logit_max200k_K64,val,f1,0.6789260868288209,0.6789260757631482,1.1065672711474406e-08,True
c07_twohot_d2_logit_max200k_K64,val,pearson,0.5514639616012573,0.5514638341871986,1.2741405874816536e-07,True
c07_twohot_d2_logit_max200k_K64,val,precision,0.730799674987793,0.730799683293745,8.305952037268582e-09,True
c07_twohot_d2_logit_max200k_K64,val,recall,0.6339285969734192,0.6339285714285714,2.5544847792602354e-08,True
c07_twohot_d2_logit_max200k_K64,val,rmse_log10,1.245077133178711,1.2450771031346717,3.004403925643828e-08,True
c07_twohot_d2_logit_max200k_K64,val,spearman,0.5584326386451721,0.5583930748180552,3.956382711689521e-05,True
c08_twohot_d2_logit_max200k_K128,test,accuracy,0.702983558177948,0.7029835735836406,1.540569261049285e-08,True
c08_twohot_d2_logit_max200k_K128,test,auprc,0.7545945048332214,0.7546243495819647,2.9844748743235172e-05,True
c08_twohot_d2_logit_max200k_K128,test,auroc,0.768173336982727,0.768172888015717,4.489670100138454e-07,True
c08_twohot_d2_logit_max200k_K128,test,balanced_accuracy,0.7012184858322144,0.7012184974488511,1.1616636763633892e-08,True
c08_twohot_d2_logit_max200k_K128,test,f1,0.6733038203563851,0.6733038348082596,1.4451874474907811e-08,True
c08_twohot_d2_logit_max200k_K128,test,pearson,0.5295251607894897,0.529525163657384,2.8678942554094533e-09,True
c08_twohot_d2_logit_max200k_K128,test,precision,0.7269108295440674,0.7269108280254777,1.5185896984348801e-09,True
c08_twohot_d2_logit_max200k_K128,test,recall,0.6270604133605957,0.6270604395604396,2.619984384999441e-08,True
c08_twohot_d2_logit_max200k_K128,test,rmse_log10,1.258721113204956,1.258721120602602,7.39764605128812e-09,True
c08_twohot_d2_logit_max200k_K128,test,spearman,0.5330889821052551,0.5330919179248184,2.9358195632323003e-06,True
c08_twohot_d2_logit_max200k_K128,val,accuracy,0.709858238697052,0.709858226178701,1.2518351022450247e-08,True
c08_twohot_d2_logit_max200k_K128,val,auprc,0.7399572134017944,0.7396156670015976,0.0003415464001967905,True
c08_twohot_d2_logit_max200k_K128,val,auroc,0.7699515223503113,0.7699508996076847,6.22742626577022e-07,True
c08_twohot_d2_logit_max200k_K128,val,balanced_accuracy,0.707577645778656,0.7075776355857206,1.019293538462307e-08,True
c08_twohot_d2_logit_max200k_K128,val,f1,0.6827685598297653,0.6827685652487383,5.418973048065823e-09,True
c08_twohot_d2_logit_max200k_K128,val,pearson,0.5462501049041748,0.5462500054473834,9.945679135814345e-08,True
c08_twohot_d2_logit_max200k_K128,val,precision,0.7185128927230835,0.7185128983308042,5.607720732214716e-09,True
c08_twohot_d2_logit_max200k_K128,val,recall,0.6504120826721191,0.6504120879120879,5.239968792203342e-09,True
c08_twohot_d2_logit_max200k_K128,val,rmse_log10,1.2463661432266235,1.2463661571544837,1.3927860198492681e-08,True
c08_twohot_d2_logit_max200k_K128,val,spearman,0.5502620935440063,0.5502308313477038,3.126219630256166e-05,True
c09_hlgauss_d2_logit_max50k_K64_s0.75,test,accuracy,0.6956084370613098,0.6956084478712705,1.0809960704349919e-08,True
c09_hlgauss_d2_logit_max50k_K64_s0.75,test,auprc,0.744844377040863,0.744894175931941,4.979889107792346e-05,True
c09_hlgauss_d2_logit_max50k_K64_s0.75,test,auroc,0.7592290639877319,0.7592294738660161,4.0987828420213646e-07,True
c09_hlgauss_d2_logit_max50k_K64_s0.75,test,balanced_accuracy,0.6943501532077789,0.6943501406910051,1.2516773839621465e-08,True
c09_hlgauss_d2_logit_max50k_K64_s0.75,test,f1,0.6729106700227611,0.6729106628242075,7.198553531040375e-09,True
c09_hlgauss_d2_logit_max50k_K64_s0.75,test,pearson,0.5162914991378784,0.516291554973087,5.583520856777824e-08,True
c09_hlgauss_d2_logit_max50k_K64_s0.75,test,precision,0.7075757384300232,0.7075757575757575,1.9145734331260655e-08,True
c09_hlgauss_d2_logit_max50k_K64_s0.75,test,recall,0.6414835453033447,0.6414835164835165,2.881982819058493e-08,True
c09_hlgauss_d2_logit_max50k_K64_s0.75,test,rmse_log10,1.2499618530273438,1.2499618739261993,2.089885553502313e-08,True
c09_hlgauss_d2_logit_max50k_K64_s0.75,test,spearman,0.5176193714141846,0.5176232401817726,3.868767588066646e-06,True
c09_hlgauss_d2_logit_max50k_K64_s0.75,val,accuracy,0.7108473181724548,0.7108473458621827,2.7689727843949186e-08,True
c09_hlgauss_d2_logit_max50k_K64_s0.75,val,auprc,0.7482439279556274,0.7479302413495308,0.00031368660609665255,True
c09_hlgauss_d2_logit_max50k_K64_s0.75,val,auroc,0.7756320238113403,0.7756326781968824,6.54385542087077e-07,True
c09_hlgauss_d2_logit_max50k_K64_s0.75,val,balanced_accuracy,0.708686888217926,0.7086869020326534,1.3814727362060353e-08,True
c09_hlgauss_d2_logit_max50k_K64_s0.75,val,f1,0.6848724494876165,0.6848724398131513,9.67446522892601e-09,True
c09_hlgauss_d2_logit_max50k_K64_s0.75,val,pearson,0.5518584251403809,0.5518583402248968,8.491548408873228e-08,True
c09_hlgauss_d2_logit_max50k_K64_s0.75,val,precision,0.7181612849235535,0.7181612660135644,1.8909989019100237e-08,True
c09_hlgauss_d2_logit_max50k_K64_s0.75,val,recall,0.6545329689979553,0.654532967032967,1.9649882831984655e-09,True
c09_hlgauss_d2_logit_max50k_K64_s0.75,val,rmse_log10,1.2243947982788086,1.2243947737896546,2.4489154037965477e-08,True
c09_hlgauss_d2_logit_max50k_K64_s0.75,val,spearman,0.5583452582359314,0.5583089540127119,3.6304223219540965e-05,True
c10_hlgauss_d2_logit_max50k_K128_s0.75,test,accuracy,0.695273220539093,0.6952732148843446,5.654748447270208e-09,True
c10_hlgauss_d2_logit_max50k_K128_s0.75,test,auprc,0.7457877397537231,0.7458345918996054,4.685214588229236e-05,True
c10_hlgauss_d2_logit_max50k_K128_s0.75,test,auroc,0.7564660310745239,0.7564655792799211,4.517946028403941e-07,True
c10_hlgauss_d2_logit_max50k_K128_s0.75,test,balanced_accuracy,0.6937353014945984,0.6937352922126989,9.281899471247357e-09,True
c10_hlgauss_d2_logit_max50k_K128_s0.75,test,f1,0.668369199620628,0.6683692083181321,8.69750405030345e-09,True
c10_hlgauss_d2_logit_max50k_K128_s0.75,test,pearson,0.5069683790206909,0.5069684007883737,2.176768276740404e-08,True
c10_hlgauss_d2_logit_max50k_K128_s0.75,test,precision,0.7128404378890991,0.7128404669260701,2.9036970938811635e-08,True
c10_hlgauss_d2_logit_max50k_K128_s0.75,test,recall,0.6291208863258362,0.6291208791208791,7.204957075401808e-09,True
c10_hlgauss_d2_logit_max50k_K128_s0.75,test,rmse_log10,1.2612240314483643,1.2612240836447288,5.2196364563883435e-08,True
c10_hlgauss_d2_logit_max50k_K128_s0.75,test,spearman,0.5101280808448792,0.5101340438302226,5.962985343499483e-06,True
c10_hlgauss_d2_logit_max50k_K128_s0.75,val,accuracy,0.7072205543518066,0.7072205736894164,1.9337609735714523e-08,True
c10_hlgauss_d2_logit_max50k_K128_s0.75,val,auprc,0.7324816584587097,0.732163907606743,0.0003177508519667249,True
c10_hlgauss_d2_logit_max50k_K128_s0.75,val,auroc,0.7620712518692017,0.7620708397499774,4.1211922430228753e-07,True
c10_hlgauss_d2_logit_max50k_K128_s0.75,val,balanced_accuracy,0.705199271440506,0.7051992672831291,4.157376887192754e-09,True
c10_hlgauss_d2_logit_max50k_K128_s0.75,val,f1,0.6821760867668306,0.6821760916249106,4.8580799383302065e-09,True
c10_hlgauss_d2_logit_max50k_K128_s0.75,val,pearson,0.5276460647583008,0.5276460007734312,6.398486962488903e-08,True
c10_hlgauss_d2_logit_max50k_K128_s0.75,val,precision,0.7122570872306824,0.7122571001494769,1.291879447862243e-08,True
c10_hlgauss_d2_logit_max50k_K128_s0.75,val,recall,0.6545329689979553,0.654532967032967,1.9649882831984655e-09,True
c10_hlgauss_d2_logit_max50k_K128_s0.75,val,rmse_log10,1.2495800256729126,1.249580028999256,3.326343422926925e-09,True
c10_hlgauss_d2_logit_max50k_K128_s0.75,val,spearman,0.5334116220474243,0.533375130001947,3.649204547728768e-05,True
c11_hlgauss_d2_logit_max200k_K64_s0.75,test,accuracy,0.7046597599983215,0.7046597385182702,2.1480051293210067e-08,True
c11_hlgauss_d2_logit_max200k_K64_s0.75,test,auprc,0.7553637027740479,0.7554299077670495,6.620499300169502e-05,True
c11_hlgauss_d2_logit_max200k_K64_s0.75,test,auroc,0.7674838304519653,0.7674842757111913,4.452592259340804e-07,True
c11_hlgauss_d2_logit_max200k_K64_s0.75,test,balanced_accuracy,0.7025682926177979,0.7025682855127846,7.105013244412817e-09,True
c11_hlgauss_d2_logit_max200k_K64_s0.75,test,f1,0.6701609863662171,0.67016098839386,2.0276428314147665e-09,True
c11_hlgauss_d2_logit_max200k_K64_s0.75,test,pearson,0.532744288444519,0.5327443422896531,5.384513401818225e-08,True
c11_hlgauss_d2_logit_max200k_K64_s0.75,test,precision,0.7366254925727844,0.7366255144032922,2.183050773485462e-08,True
c11_hlgauss_d2_logit_max200k_K64_s0.75,test,recall,0.6146978139877319,0.6146978021978022,1.1789929699190793e-08,True
c11_hlgauss_d2_logit_max200k_K64_s0.75,test,rmse_log10,1.259849190711975,1.2598491382461006,5.2465874533780266e-08,True
c11_hlgauss_d2_logit_max200k_K64_s0.75,test,spearman,0.5338959097862244,0.5338975880129627,1.6782267383552707e-06,True
c11_hlgauss_d2_logit_max200k_K64_s0.75,val,accuracy,0.7171117663383484,0.7171117705242335,4.1858850829967764e-09,True
c11_hlgauss_d2_logit_max200k_K64_s0.75,val,auprc,0.7590411305427551,0.7591533752558055,0.00011224471305038008,True
c11_hlgauss_d2_logit_max200k_K64_s0.75,val,auroc,0.7816670536994934,0.7816680980718711,1.0443723776898395e-06,True
c11_hlgauss_d2_logit_max200k_K64_s0.75,val,balanced_accuracy,0.7143421173095703,0.7143421139735344,3.3360358919765076e-09,True
c11_hlgauss_d2_logit_max200k_K64_s0.75,val,f1,0.6864035280877402,0.6864035087719298,1.9315810395603705e-08,True
c11_hlgauss_d2_logit_max200k_K64_s0.75,val,pearson,0.564856231212616,0.5648562368787763,5.666160318718028e-09,True
c11_hlgauss_d2_logit_max200k_K64_s0.75,val,precision,0.733593761920929,0.73359375,1.1920928910669204e-08,True
c11_hlgauss_d2_logit_max200k_K64_s0.75,val,recall,0.6449176073074341,0.6449175824175825,2.4889851624187997e-08,True
c11_hlgauss_d2_logit_max200k_K64_s0.75,val,rmse_log10,1.2294459342956543,1.229445959743925,2.5448270601913237e-08,True
c11_hlgauss_d2_logit_max200k_K64_s0.75,val,spearman,0.5708766579627991,0.5708415392722549,3.5118690544178044e-05,True
c12_hlgauss_d2_logit_max200k_K128_s0.75,test,accuracy,0.7026483416557312,0.7026483405967148,1.0590164301049754e-09,True
c12_hlgauss_d2_logit_max200k_K128_s0.75,test,auprc,0.7580337524414062,0.7580760595317888,4.230709038255398e-05,True
c12_hlgauss_d2_logit_max200k_K128_s0.75,test,auroc,0.7709308862686157,0.7709309354692458,4.920063012558984e-08,True
c12_hlgauss_d2_logit_max200k_K128_s0.75,test,balanced_accuracy,0.7008271813392639,0.7008271893463446,8.007080665173305e-09,True
c12_hlgauss_d2_logit_max200k_K128_s0.75,test,f1,0.6720887282249186,0.6720887245841035,3.640815093852723e-09,True
c12_hlgauss_d2_logit_max200k_K128_s0.75,test,pearson,0.5358551740646362,0.5358552047386993,3.067406306733744e-08,True
c12_hlgauss_d2_logit_max200k_K128_s0.75,test,precision,0.7277822494506836,0.7277822257806245,2.367005913495035e-08,True
c12_hlgauss_d2_logit_max200k_K128_s0.75,test,recall,0.6243131756782532,0.6243131868131868,1.1134933641798739e-08,True
c12_hlgauss_d2_logit_max200k_K128_s0.75,test,rmse_log10,1.2523597478866577,1.2523596951686493,5.271800840311869e-08,True
c12_hlgauss_d2_logit_max200k_K128_s0.75,test,spearman,0.5381196141242981,0.5381221423754079,2.5282511098012606e-06,True
c12_hlgauss_d2_logit_max200k_K128_s0.75,val,accuracy,0.7138146758079529,0.7138147049126278,2.9104674892366234e-08,True
c12_hlgauss_d2_logit_max200k_K128_s0.75,val,auprc,0.7482424378395081,0.7479968494447973,0.00024558839471078286,True
c12_hlgauss_d2_logit_max200k_K128_s0.75,val,auroc,0.7754939198493958,0.7754939654511626,4.560176680712402e-08,True
c12_hlgauss_d2_logit_max200k_K128_s0.75,val,balanced_accuracy,0.7113296091556549,0.7113296302619385,2.1106283609739762e-08,True
c12_hlgauss_d2_logit_max200k_K128_s0.75,val,f1,0.6852791827673965,0.6852791878172588,5.04986230609461e-09,True
c12_hlgauss_d2_logit_max200k_K128_s0.75,val,pearson,0.5563388466835022,0.5563388237292817,2.2954220524340485e-08,True
c12_hlgauss_d2_logit_max200k_K128_s0.75,val,precision,0.725806474685669,0.7258064516129032,2.307276569801786e-08,True
c12_hlgauss_d2_logit_max200k_K128_s0.75,val,recall,0.6490384340286255,0.6490384615384616,2.750983607580082e-08,True
c12_hlgauss_d2_logit_max200k_K128_s0.75,val,rmse_log10,1.236148476600647,1.2361485259312401,4.933059316591937e-08,True
c12_hlgauss_d2_logit_max200k_K128_s0.75,val,spearman,0.5597305297851562,0.5596985847333003,3.1945051855997164e-05,True
