app_id,run_id,requested_gpu,design_id,epoch,train_loss,val_loss,epoch_wall_s,train_data_wait_s,train_forward_loss_s,train_backward_s,train_optimizer_s,gpu_util_mean_pct,gpu_mem_util_mean_pct,gpu_peak_allocated_gib,gpu_peak_reserved_gib,current_lr,SLLQHLIGL_num_nM,SLLQHLIGL_den_nM,SLLQHLIGL_ratio,SLLQHLIGL_a0201_nM,SLLQHLIGL_a2402_nM,FLRYLLFGI_num_nM,FLRYLLFGI_den_nM,FLRYLLFGI_ratio,FLRYLLFGI_a0201_nM,FLRYLLFGI_a2402_nM,NFLIKFLLI_num_nM,NFLIKFLLI_den_nM,NFLIKFLLI_ratio,NFLIKFLLI_a0201_nM,NFLIKFLLI_a2402_nM
ap-8pzmkEiRMHYMShFZK7PsrU,hardware-gen-r1-a03_log10_100k_warmup_cosine_lr1e-4-h100-bang-20260312a,H100!,A03_log10_100k_warmup_cosine_lr1e-4,1,2.087520836689378,2.0064263550134807,60.982042105,3.0866541060000188,25.191538595000026,8.823322562000044,1.1829812289999921,55.766666666666666,18.966666666666665,16.44250202178955,36.748046875,5.049999999999986e-05,2051.931583054137,502.8778504048767,4.080377732688141,502.8778504048767,2051.931583054137,241.57970985088232,140.8740144177978,1.714863531427564,140.8740144177978,241.57970985088232,197.24241654361768,635.7726060012462,0.31024050844875667,197.24241654361768,635.7726060012462
ap-8pzmkEiRMHYMShFZK7PsrU,hardware-gen-r1-a03_log10_100k_warmup_cosine_lr1e-4-h100-bang-20260312a,H100!,A03_log10_100k_warmup_cosine_lr1e-4,2,1.33570472597234,1.614392969241509,59.80019848299999,3.1262257760000693,24.398557697999877,8.57355804400008,1.1244010620000608,57.01724137931034,19.24137931034483,16.44250249862671,36.748046875,0.0001,13010.430525165666,176.4090079463753,73.75150893156527,176.4090079463753,13010.430525165666,3726.1878363399414,27.06666808548627,137.6670310719923,27.06666808548627,3726.1878363399414,4490.551097698,14772.2276402878,0.3039860478084613,4490.551097698,14772.2276402878
ap-8pzmkEiRMHYMShFZK7PsrU,hardware-gen-r1-a03_log10_100k_warmup_cosine_lr1e-4-h100-bang-20260312a,H100!,A03_log10_100k_warmup_cosine_lr1e-4,3,0.9052433253260656,0.9945410581735464,59.876178487000004,3.129043931000126,24.356185986000327,8.564229033000231,1.138635741999849,59.08620689655172,21.189655172413794,16.44250249862671,36.748046875,9.931634888554934e-05,3304.1927968022455,79.82202404419058,41.39450028193971,79.82202404419058,3304.1927968022455,1413.5641527203352,30.957375932498955,45.66162699973482,30.957375932498955,1413.5641527203352,19756.416781884072,9797.313092285573,2.0165137722750046,19756.416781884072,9797.313092285573
ap-8pzmkEiRMHYMShFZK7PsrU,hardware-gen-r1-a03_log10_100k_warmup_cosine_lr1e-4-h100-bang-20260312a,H100!,A03_log10_100k_warmup_cosine_lr1e-4,4,0.7101954896066148,0.9484537564791166,59.450492999999994,3.0454428209997957,24.24926649200023,8.411888896000079,1.086599779000494,58.3448275862069,20.17241379310345,16.442500114440918,36.748046875,9.728616793536585e-05,26031.129425912903,65.31012378484978,398.5772483247296,65.31012378484978,26031.129425912903,2114.3213430372193,30.881433820367697,68.4657764058458,30.881433820367697,2114.3213430372193,8936.247440807083,2717.1224510539305,3.2888644519281227,8936.247440807083,2717.1224510539305
ap-8pzmkEiRMHYMShFZK7PsrU,hardware-gen-r1-a03_log10_100k_warmup_cosine_lr1e-4-h100-bang-20260312a,H100!,A03_log10_100k_warmup_cosine_lr1e-4,5,0.6298263818867462,0.8571313455127753,58.524392514000056,2.9107714689997692,23.774437136000756,8.304276063999396,1.0171633170007226,60.85964912280702,21.649122807017545,16.442500591278076,36.748046875,9.397114317029977e-05,37379.72719402976,29.568058659323956,1264.1928110570248,29.568058659323956,37379.72719402976,1371.0235244574335,4.6815190098675075,292.85869000374623,4.6815190098675075,1371.0235244574335,8011.871381491153,247.32450850152756,32.39416679743111,8011.871381491153,247.32450850152756
ap-8pzmkEiRMHYMShFZK7PsrU,hardware-gen-r1-a03_log10_100k_warmup_cosine_lr1e-4-h100-bang-20260312a,H100!,A03_log10_100k_warmup_cosine_lr1e-4,6,0.569699174329891,0.8502240113340891,58.69866227699998,2.9177980160005177,23.901342904000103,8.323504591999722,1.0206627909995518,57.91228070175438,19.964912280701753,16.44246768951416,36.748046875,8.947199994035378e-05,41599.231911991825,32.521820222119196,1279.1175779176951,32.521820222119196,41599.231911991825,2363.004694061878,7.134115708947452,331.22601180945935,7.134115708947452,2363.004694061878,17433.152255280496,1080.939325697837,16.127780570871483,17433.152255280496,1080.939325697837
ap-8pzmkEiRMHYMShFZK7PsrU,hardware-gen-r1-a03_log10_100k_warmup_cosine_lr1e-4-h100-bang-20260312a,H100!,A03_log10_100k_warmup_cosine_lr1e-4,7,0.5168172508099321,0.8694229173545654,58.513405274000036,2.9193333369998413,23.727604650999808,8.338981835000936,1.0174938010004553,59.89473684210526,20.842105263157894,16.44250202178955,36.748046875,8.392544243589396e-05,28456.63729816378,112.19487292708838,253.63580844426622,112.19487292708838,28456.63729816378,338.68624104805644,34.147454537210756,9.918345177939612,34.147454537210756,338.68624104805644,21508.26416924551,774.6777020137439,27.76414515783226,21508.26416924551,774.6777020137439
ap-8pzmkEiRMHYMShFZK7PsrU,hardware-gen-r1-a03_log10_100k_warmup_cosine_lr1e-4-h100-bang-20260312a,H100!,A03_log10_100k_warmup_cosine_lr1e-4,8,0.48569769315463673,0.8276985612626259,58.753169732,2.9145103800003085,23.943076569000198,8.303838757000904,1.02056606799988,58.666666666666664,20.0,16.44246768951416,36.75,7.749999999999973e-05,29726.78000448598,59.41436350575744,500.32985713303754,59.41436350575744,29726.78000448598,628.7781454283049,9.921389379822198,63.376017345624355,9.921389379822198,628.7781454283049,5454.595170837583,300.8745463423638,18.129134674725275,5454.595170837583,300.8745463423638
ap-8pzmkEiRMHYMShFZK7PsrU,hardware-gen-r1-a03_log10_100k_warmup_cosine_lr1e-4-h100-bang-20260312a,H100!,A03_log10_100k_warmup_cosine_lr1e-4,9,0.45748940962603535,0.817374020585647,58.65989453200007,2.9495170499998267,23.84987852900008,8.337041072001284,1.0413336490004212,60.01754385964912,20.63157894736842,16.44247007369995,36.75,7.039090644965506e-05,49104.10090389166,58.861221879444386,834.2351608749032,58.861221879444386,49104.10090389166,724.5232843884777,15.579910707672799,46.50368657322691,15.579910707672799,724.5232843884777,16745.98926866004,297.60367930005845,56.26942955828151,16745.98926866004,297.60367930005845
ap-8pzmkEiRMHYMShFZK7PsrU,hardware-gen-r1-a03_log10_100k_warmup_cosine_lr1e-4-h100-bang-20260312a,H100!,A03_log10_100k_warmup_cosine_lr1e-4,10,0.4205025184036648,0.8164871426729056,58.6780423240001,2.907233225999221,23.892783297999017,8.32460197599994,1.0200918819999742,58.29824561403509,20.140350877192983,16.442500591278076,36.75,6.281416799501399e-05,40921.43684036149,57.386792384837364,713.0810965342207,57.386792384837364,40921.43684036149,220.56743041801528,9.568965784257644,23.05028938246191,9.568965784257644,220.56743041801528,16426.162601073,78.14941642194272,210.18919082370624,16426.162601073,78.14941642194272
ap-8pzmkEiRMHYMShFZK7PsrU,hardware-gen-r1-a03_log10_100k_warmup_cosine_lr1e-4-h100-bang-20260312a,H100!,A03_log10_100k_warmup_cosine_lr1e-4,11,0.39464759180522235,0.8240617221364608,58.54635055799997,2.9076956190007195,23.750072081998724,8.331131133001804,1.0182742320008629,59.892857142857146,21.107142857142858,16.442500114440918,36.75,5.5000000000002306e-05,46757.09151405074,63.093060432758406,741.0813676391913,63.093060432758406,46757.09151405074,339.0369036262273,17.060032216179273,19.873169014575122,17.060032216179273,339.0369036262273,20494.571007484807,54.5030879123909,376.0258692209897,20494.571007484807,54.5030879123909
ap-8pzmkEiRMHYMShFZK7PsrU,hardware-gen-r1-a03_log10_100k_warmup_cosine_lr1e-4-h100-bang-20260312a,H100!,A03_log10_100k_warmup_cosine_lr1e-4,12,0.36022436869262303,0.8279071481755147,58.744394169999964,2.9330060580002737,23.953497499997297,8.323721527999055,1.0294350899978326,57.59649122807018,19.56140350877193,16.442500591278076,36.75,4.718583200498999e-05,51417.682621790475,63.05081772179666,815.4958885492041,63.05081772179666,51417.682621790475,300.09165169830004,33.08679882347069,9.069830336243495,33.08679882347069,300.09165169830004,18341.380724621282,53.740902615820794,341.29275527318293,18341.380724621282,53.740902615820794
ap-8pzmkEiRMHYMShFZK7PsrU,hardware-gen-r1-a03_log10_100k_warmup_cosine_lr1e-4-h100-bang-20260312a,H100!,A03_log10_100k_warmup_cosine_lr1e-4,13,0.3366421520878366,0.8365597932384564,58.50016227599997,2.9124695980004844,23.759392178001576,8.28465519200256,1.0249466360004362,57.824561403508774,19.403508771929825,16.44250249862671,36.75,3.960909355034652e-05,43702.21069768084,79.73338036547861,548.1043259091792,79.73338036547861,43702.21069768084,846.2809269370415,17.958234547083215,47.12495121490073,17.958234547083215,846.2809269370415,22329.885176296335,41.959324082415655,532.1793347394354,22329.885176296335,41.959324082415655
ap-8pzmkEiRMHYMShFZK7PsrU,hardware-gen-r1-a03_log10_100k_warmup_cosine_lr1e-4-h100-bang-20260312a,H100!,A03_log10_100k_warmup_cosine_lr1e-4,14,0.31712251082904597,0.8171913956220334,58.695337311,2.94876902300075,23.85193508299949,8.319367001000273,1.0336056860006693,59.35087719298246,20.70175438596491,16.44246768951416,36.75,3.250000000000236e-05,42729.63651532042,45.0692032898875,948.0894579050164,45.0692032898875,42729.63651532042,219.33290571985762,30.621504556009132,7.162708328674071,30.621504556009132,219.33290571985762,20367.022164199036,30.698914023167028,663.4443859749892,20367.022164199036,30.698914023167028
ap-8pzmkEiRMHYMShFZK7PsrU,hardware-gen-r1-a03_log10_100k_warmup_cosine_lr1e-4-h100-bang-20260312a,H100!,A03_log10_100k_warmup_cosine_lr1e-4,15,0.29820941348618035,0.8340310323123749,58.609425257,2.90337311400026,23.844476767999026,8.317192175000173,1.0117932779985495,58.280701754385966,20.017543859649123,16.44250202178955,36.75,2.607455756410835e-05,49837.8019424097,64.35881737346739,774.3741102824532,64.35881737346739,49837.8019424097,298.5604863733414,21.02848704611873,14.197906188807211,21.02848704611873,298.5604863733414,19309.472787272585,25.567029530179347,755.2489726849052,19309.472787272585,25.567029530179347
ap-8pzmkEiRMHYMShFZK7PsrU,hardware-gen-r1-a03_log10_100k_warmup_cosine_lr1e-4-h100-bang-20260312a,H100!,A03_log10_100k_warmup_cosine_lr1e-4,16,0.28199562943924616,0.8195550479567968,58.585910212000044,2.917049147998796,23.757375909000984,8.322342593999679,1.0300543699997888,58.26315789473684,20.17543859649123,16.44250249862671,36.75,2.0528000059647813e-05,47117.216536820335,57.26415195477437,822.8047553036706,57.26415195477437,47117.216536820335,252.27962201671048,42.18574284004104,5.980210493703969,42.18574284004104,252.27962201671048,25850.38424234555,20.318687941744876,1272.246727567274,25850.38424234555,20.318687941744876
ap-8pzmkEiRMHYMShFZK7PsrU,hardware-gen-r1-a03_log10_100k_warmup_cosine_lr1e-4-h100-bang-20260312a,H100!,A03_log10_100k_warmup_cosine_lr1e-4,17,0.26760727382859606,0.8331074682565835,58.57288946500012,2.89903080600061,23.838774092001245,8.305941833998759,1.01450275199943,57.08771929824562,19.36842105263158,16.44250202178955,36.75,1.6028856829701292e-05,39694.69519542033,49.24120718941181,806.127580153148,49.24120718941181,39694.69519542033,301.33523813996163,43.84926214037681,6.8720708954071394,43.84926214037681,301.33523813996163,17841.7000364898,13.966082589354333,1277.5021143072477,17841.7000364898,13.966082589354333
ap-8pzmkEiRMHYMShFZK7PsrU,hardware-gen-r1-a03_log10_100k_warmup_cosine_lr1e-4-h100-bang-20260312a,H100!,A03_log10_100k_warmup_cosine_lr1e-4,18,0.25677160677726324,0.8090842948510096,58.549967788000004,2.909911647999934,23.711567393996802,8.300710749003656,1.0164489880019119,59.1578947368421,20.50877192982456,16.44250202178955,36.75,1.2713832064634571e-05,45928.49296264806,72.33060056368618,634.98011359948,72.33060056368618,45928.49296264806,288.4117254462826,48.84266825558197,5.904913383050517,48.84266825558197,288.4117254462826,20574.677403989317,14.849812893064229,1385.5176191209082,20574.677403989317,14.849812893064229
ap-8pzmkEiRMHYMShFZK7PsrU,hardware-gen-r1-a03_log10_100k_warmup_cosine_lr1e-4-h100-bang-20260312a,H100!,A03_log10_100k_warmup_cosine_lr1e-4,19,0.2458412620412596,0.8291846268452131,58.75342419200001,2.9200695899974107,23.941745179999316,8.348925587003123,1.023812871995915,60.10526315789474,21.31578947368421,16.44250249862671,36.75,1.0683651114450746e-05,46481.455650206444,48.60175424782231,956.3740315461788,48.60175424782231,46481.455650206444,276.79498814501545,52.777820099597804,5.244532411961531,52.777820099597804,276.79498814501545,17403.470919179836,14.074322116312336,1236.540614557128,17403.470919179836,14.074322116312336
ap-8pzmkEiRMHYMShFZK7PsrU,hardware-gen-r1-a03_log10_100k_warmup_cosine_lr1e-4-h100-bang-20260312a,H100!,A03_log10_100k_warmup_cosine_lr1e-4,20,0.24810696664755627,0.8259570415203388,58.53080978800017,2.903057281997235,23.746417566997934,8.336689177997869,1.01943348800296,59.36842105263158,20.859649122807017,16.442500114440918,36.75,1e-05,39359.093709531655,51.33645242720715,766.6890065171748,51.33645242720715,39359.093709531655,252.8822452403065,43.4703970861898,5.817343806151824,43.4703970861898,252.8822452403065,18953.085431184914,13.172891657582536,1438.7946036339868,18953.085431184914,13.172891657582536
ap-IokMKW9D8KE6QN0Rcs6Lpy,hardware-gen-r1-a03_log10_100k_warmup_cosine_lr1e-4-a100-20260312a,A100,A03_log10_100k_warmup_cosine_lr1e-4,1,2.0857923427375695,2.308398078038142,106.44292909800001,4.794012858000087,44.721451446999794,16.01156604300018,2.002271661000215,50.53921568627451,24.852941176470587,16.395004272460938,36.734375,5.049999999999986e-05,6232.526654488852,2740.6033469843364,2.2741439987464456,2740.6033469843364,6232.526654488852,2612.9103538864324,336.81611658256355,7.757676148035307,336.81611658256355,2612.9103538864324,1857.94543451135,5333.266950969473,0.3483691050142569,1857.94543451135,5333.266950969473
ap-IokMKW9D8KE6QN0Rcs6Lpy,hardware-gen-r1-a03_log10_100k_warmup_cosine_lr1e-4-a100-20260312a,A100,A03_log10_100k_warmup_cosine_lr1e-4,2,1.3327049992683917,1.5011344297574116,105.29145289100003,4.807163694999957,43.94605952899968,15.64371047100002,1.9648858400003917,51.07,25.06,16.395004749298096,36.734375,0.0001,18814.50256922558,94.44318229116692,199.21504244976362,94.44318229116692,18814.50256922558,1748.925810578108,13.545057806134823,129.11911012930378,13.545057806134823,1748.925810578108,1895.5530727993469,28943.731935407013,0.0654909697557179,1895.5530727993469,28943.731935407013
ap-IokMKW9D8KE6QN0Rcs6Lpy,hardware-gen-r1-a03_log10_100k_warmup_cosine_lr1e-4-a100-20260312a,A100,A03_log10_100k_warmup_cosine_lr1e-4,3,0.9006629140447762,1.0359559441988284,104.12785517699996,4.762232705999224,43.19082501899925,15.334793202000014,1.9064520280001034,51.4040404040404,25.13131313131313,16.395004749298096,36.734375,9.931634888554934e-05,2831.7644360916797,47.164420417123786,60.04026787666329,47.164420417123786,2831.7644360916797,1612.956028565804,26.689699213962093,60.43365328456095,26.689699213962093,1612.956028565804,4016.5107546619024,7974.795775946356,0.503650609684142,4016.5107546619024,7974.795775946356
ap-IokMKW9D8KE6QN0Rcs6Lpy,hardware-gen-r1-a03_log10_100k_warmup_cosine_lr1e-4-a100-20260312a,A100,A03_log10_100k_warmup_cosine_lr1e-4,4,0.7208075746472946,0.8974652503545467,104.557925872,4.755515100001048,43.55048182399929,15.470683178000854,1.9130665300007195,51.9,25.91,16.395002365112305,36.734375,9.728616793536585e-05,11876.89015104765,59.86661803334339,198.3891948670406,59.86661803334339,11876.89015104765,3865.484885720063,23.580583128260674,163.92660286197022,23.580583128260674,3865.484885720063,8525.794741897455,3609.602297552419,2.3619762065418075,8525.794741897455,3609.602297552419
ap-IokMKW9D8KE6QN0Rcs6Lpy,hardware-gen-r1-a03_log10_100k_warmup_cosine_lr1e-4-a100-20260312a,A100,A03_log10_100k_warmup_cosine_lr1e-4,5,0.6406964602864395,0.9213797429433236,107.77474343199992,4.94643987899849,45.23451271000107,16.317101666000553,2.0218361399990954,49.46078431372549,24.34313725490196,16.395002841949463,36.734375,9.397114317029977e-05,15076.594066838828,18.274573820673332,825.0038668361858,18.274573820673332,15076.594066838828,1083.712335282819,7.270641691443588,149.05318970101075,7.270641691443588,1083.712335282819,13674.47025901135,327.72160675586923,41.72587335444721,13674.47025901135,327.72160675586923
ap-IokMKW9D8KE6QN0Rcs6Lpy,hardware-gen-r1-a03_log10_100k_warmup_cosine_lr1e-4-a100-20260312a,A100,A03_log10_100k_warmup_cosine_lr1e-4,6,0.5730318383097985,0.8249805604036038,106.144095418,4.829760612001223,44.197233232001395,15.883313531000454,2.018948415998352,51.554455445544555,25.663366336633665,16.394969940185547,36.734375,8.947199994035378e-05,41900.8564876981,46.00222675423997,910.8440926468011,46.00222675423997,41900.8564876981,601.9217852460386,12.52154500902571,48.070887802756346,12.52154500902571,601.9217852460386,16968.64483054035,2965.0177785915653,5.722948763767868,16968.64483054035,2965.0177785915653
ap-IokMKW9D8KE6QN0Rcs6Lpy,hardware-gen-r1-a03_log10_100k_warmup_cosine_lr1e-4-a100-20260312a,A100,A03_log10_100k_warmup_cosine_lr1e-4,7,0.5258641634452141,0.854795456620363,104.72754947600004,4.8445107829981,43.461788003000606,15.57347933499841,1.9832798919982224,52.18181818181818,25.7979797979798,16.395004272460938,36.734375,8.392544243589396e-05,37811.32852112737,72.29788858292598,522.993537740146,72.29788858292598,37811.32852112737,317.21275459374755,22.898700094613396,13.852871703768349,22.898700094613396,317.21275459374755,16099.093196544582,884.9485270051331,18.19212384140304,16099.093196544582,884.9485270051331
ap-IokMKW9D8KE6QN0Rcs6Lpy,hardware-gen-r1-a03_log10_100k_warmup_cosine_lr1e-4-a100-20260312a,A100,A03_log10_100k_warmup_cosine_lr1e-4,8,0.4887365720282167,0.8053801029920578,105.09290849699994,4.937263719000498,43.719328774000815,15.539870548998806,2.0164338740020185,50.86,24.92,16.394969940185547,36.734375,7.749999999999973e-05,36614.73145935325,68.50811163828922,534.4583376151512,68.50811163828922,36614.73145935325,668.1994452801553,16.937076290886736,39.45187668781362,16.937076290886736,668.1994452801553,10724.143238124314,443.37888535847844,24.187311557368556,10724.143238124314,443.37888535847844
ap-IokMKW9D8KE6QN0Rcs6Lpy,hardware-gen-r1-a03_log10_100k_warmup_cosine_lr1e-4-a100-20260312a,A100,A03_log10_100k_warmup_cosine_lr1e-4,9,0.4543280180985645,0.8300052159107648,104.14604665900004,4.876760002999276,43.19826518400009,15.445748898001966,2.0023971070015705,50.881188118811885,24.95049504950495,16.394972324371338,36.734375,7.039090644965506e-05,52510.750130941204,50.31197453700637,1043.702828485047,50.31197453700637,52510.750130941204,916.3203644153637,25.579608668211648,35.82229799919087,25.579608668211648,916.3203644153637,22797.126835756724,243.47257686719365,93.63324251581653,22797.126835756724,243.47257686719365
ap-IokMKW9D8KE6QN0Rcs6Lpy,hardware-gen-r1-a03_log10_100k_warmup_cosine_lr1e-4-a100-20260312a,A100,A03_log10_100k_warmup_cosine_lr1e-4,10,0.4214778021609379,0.8088715373323514,104.83127227600005,4.908639087998722,43.59122704100082,15.493094805003693,1.9809789399974989,50.61,24.64,16.395002841949463,36.734375,6.281416799501399e-05,34394.65180400992,47.37997275691404,725.9322832554983,47.37997275691404,34394.65180400992,464.6397955427211,16.077957592678025,28.8991803134448,16.077957592678025,464.6397955427211,11928.79944263564,62.163638272296126,191.8935212637294,11928.79944263564,62.163638272296126
ap-IokMKW9D8KE6QN0Rcs6Lpy,hardware-gen-r1-a03_log10_100k_warmup_cosine_lr1e-4-a100-20260312a,A100,A03_log10_100k_warmup_cosine_lr1e-4,11,0.39105152930159354,0.8368008143626726,106.27576696900019,4.919396515000926,44.274406892997376,16.11807579100173,2.029951656000776,50.10891089108911,24.396039603960396,16.395002365112305,36.734375,5.5000000000002306e-05,48371.215619281975,52.241360514291905,925.9179918572152,52.241360514291905,48371.215619281975,250.0265760983459,17.994659881236206,13.894487461752984,17.994659881236206,250.0265760983459,17746.904800498207,39.20423699539094,452.67823481897193,17746.904800498207,39.20423699539094
ap-IokMKW9D8KE6QN0Rcs6Lpy,hardware-gen-r1-a03_log10_100k_warmup_cosine_lr1e-4-a100-20260312a,A100,A03_log10_100k_warmup_cosine_lr1e-4,12,0.3632805280724151,0.7837930781910053,105.3945562580002,4.889591131993711,43.95025191399759,15.667978795999488,2.003070608002872,51.04,25.11,16.395002841949463,36.734375,4.718583200498999e-05,55558.742447405275,66.7994420164076,831.7246487442017,66.7994420164076,55558.742447405275,313.62305841265356,28.57664865791456,10.97480191491219,28.57664865791456,313.62305841265356,16195.699128099439,83.139733138261,194.80095156386977,16195.699128099439,83.139733138261
ap-IokMKW9D8KE6QN0Rcs6Lpy,hardware-gen-r1-a03_log10_100k_warmup_cosine_lr1e-4-a100-20260312a,A100,A03_log10_100k_warmup_cosine_lr1e-4,13,0.3380955306150146,0.8107963392940851,103.91008441500003,4.810438474995408,43.11557182699835,15.354909524003006,1.9206874919973416,51.04040404040404,24.8989898989899,16.395004749298096,36.734375,3.960909355034652e-05,51575.14892922071,73.27026608518823,703.9028474286756,73.27026608518823,51575.14892922071,279.90414190806666,16.60785517586057,16.853720058620564,16.60785517586057,279.90414190806666,14170.317634154108,55.937257262478546,253.32521342013024,14170.317634154108,55.937257262478546
ap-IokMKW9D8KE6QN0Rcs6Lpy,hardware-gen-r1-a03_log10_100k_warmup_cosine_lr1e-4-a100-20260312a,A100,A03_log10_100k_warmup_cosine_lr1e-4,14,0.31489408174056116,0.8057486706055128,104.96324201800007,4.790420321997772,43.6674791199971,15.678206282002975,1.9445101590017657,50.71,24.82,16.394969940185547,36.734375,3.250000000000236e-05,57646.78471506537,57.36880633566952,1004.8454621448698,57.36880633566952,57646.78471506537,291.47369796875205,26.25966080899186,11.099674900177893,26.25966080899186,291.47369796875205,26207.181399667046,25.920840647887438,1011.0467386327975,26207.181399667046,25.920840647887438
ap-IokMKW9D8KE6QN0Rcs6Lpy,hardware-gen-r1-a03_log10_100k_warmup_cosine_lr1e-4-a100-20260312a,A100,A03_log10_100k_warmup_cosine_lr1e-4,15,0.2973358643341199,0.810732971991484,106.671556001,4.866430958000592,44.55386192300125,16.214638111997147,2.019585775996802,49.28431372549019,23.970588235294116,16.395004272460938,36.734375,2.607455756410835e-05,66201.0194656676,67.90314160186576,974.9330870995904,67.90314160186576,66201.0194656676,379.72438613282566,20.926224022667316,18.145862613413087,20.926224022667316,379.72438613282566,22702.459138737944,43.74815475135269,518.9352389322428,22702.459138737944,43.74815475135269
ap-IokMKW9D8KE6QN0Rcs6Lpy,hardware-gen-r1-a03_log10_100k_warmup_cosine_lr1e-4-a100-20260312a,A100,A03_log10_100k_warmup_cosine_lr1e-4,16,0.2838032753075247,0.7830867418876061,103.53781873599996,4.729094629999054,42.92055246199675,15.314432611002076,1.8677973680003106,51.26,25.01,16.395004749298096,36.734375,2.0528000059647813e-05,57636.08906263457,64.93302980485524,887.6235905801665,64.93302980485524,57636.08906263457,320.8660843052016,28.835963892230453,11.12728832316424,28.835963892230453,320.8660843052016,23088.39711461373,17.014146399532887,1357.0117813990132,23088.39711461373,17.014146399532887
ap-IokMKW9D8KE6QN0Rcs6Lpy,hardware-gen-r1-a03_log10_100k_warmup_cosine_lr1e-4-a100-20260312a,A100,A03_log10_100k_warmup_cosine_lr1e-4,17,0.26848004155366095,0.8256243412884382,103.87194644700003,4.7651336080016335,43.155581344996335,15.291118120999727,1.9053364310013876,51.89,25.62,16.395004272460938,36.734375,1.6028856829701292e-05,60274.18406586847,38.009917491766004,1585.748879326705,38.009917491766004,60274.18406586847,262.2455249735283,22.326710414371036,11.745820145753703,22.326710414371036,262.2455249735283,18505.836123780886,12.047001738290446,1536.1362541321419,18505.836123780886,12.047001738290446
ap-IokMKW9D8KE6QN0Rcs6Lpy,hardware-gen-r1-a03_log10_100k_warmup_cosine_lr1e-4-a100-20260312a,A100,A03_log10_100k_warmup_cosine_lr1e-4,18,0.2596617663163418,0.7985909766875781,104.24327106999999,4.794240507993436,43.16341120399784,15.343534708999869,1.9237133170008747,51.494949494949495,25.373737373737374,16.395004272460938,36.734375,1.2713832064634571e-05,61939.59276117639,73.56089508689314,842.0179320549431,73.56089508689314,61939.59276117639,292.10531242159055,28.092384870590447,10.398024723326065,28.092384870590447,292.10531242159055,21195.370687843144,10.513344931751202,2016.0444487873035,21195.370687843144,10.513344931751202
ap-IokMKW9D8KE6QN0Rcs6Lpy,hardware-gen-r1-a03_log10_100k_warmup_cosine_lr1e-4-a100-20260312a,A100,A03_log10_100k_warmup_cosine_lr1e-4,19,0.24808573314530702,0.8135068898590712,104.23808871699998,4.856693776998554,43.33995970900105,15.385091777996195,1.9493175509981029,51.4,25.32,16.395004749298096,36.734375,1.0683651114450746e-05,59891.89695383092,32.05131003356544,1868.6255535611392,32.05131003356544,59891.89695383092,258.88942403514443,19.76024574118832,13.101528565280667,19.76024574118832,258.88942403514443,19334.845830273895,8.34083126153997,2318.0957897359617,19334.845830273895,8.34083126153997
ap-IokMKW9D8KE6QN0Rcs6Lpy,hardware-gen-r1-a03_log10_100k_warmup_cosine_lr1e-4-a100-20260312a,A100,A03_log10_100k_warmup_cosine_lr1e-4,20,0.24734687155880833,0.8020892498584894,104.08230398100022,4.884269337999285,43.22867391599675,15.348047528002098,1.9434936870015918,52.37,25.65,16.395002365112305,36.734375,1e-05,64333.454252444455,51.95983037239672,1238.1382654902031,51.95983037239672,64333.454252444455,300.1395960419209,28.576617281967998,10.50297846943944,28.576617281967998,300.1395960419209,20370.309663722288,10.000878405083327,2036.8520482529118,20370.309663722288,10.000878405083327
ap-ZY76qQTRg73lLMfYpbifRq,hardware-gen-r1-a07_mhcflurry_100k_warmup_cosine_lr2p8e-4-h100-bang-20260312a,H100!,A07_mhcflurry_100k_warmup_cosine_lr2p8e-4,1,0.07288359434706933,0.07839126017374488,81.16412429299999,4.107544407000184,36.16269488999993,14.25178268999997,1.9339494570000468,43.053333333333335,14.573333333333334,16.443395614624023,36.75,0.00014049999999999984,5127.842900895559,4487.475558636054,1.1427010206277628,4487.475558636054,5127.842900895559,2530.723709196001,1944.02574078591,1.3017953703498324,1944.02574078591,2530.723709196001,5410.171602556178,5175.616373159394,1.0453192842137955,5410.171602556178,5175.616373159394
ap-ZY76qQTRg73lLMfYpbifRq,hardware-gen-r1-a07_mhcflurry_100k_warmup_cosine_lr2p8e-4-h100-bang-20260312a,H100!,A07_mhcflurry_100k_warmup_cosine_lr2p8e-4,2,0.04052135395412307,0.04720130987608662,74.770857649,3.7756040249995664,32.34967542099973,12.5247052079999,1.6710555759998869,47.52173913043478,16.463768115942027,16.44339609146118,36.75,0.00028,1216.0599261434356,101.1239357071264,12.025441035694751,101.1239357071264,1216.0599261434356,132.85431185342068,81.22744221258196,1.6355840862959221,81.22744221258196,132.85431185342068,616.9301515248206,118.3597503697055,5.212330624201161,616.9301515248206,118.3597503697055
ap-ZY76qQTRg73lLMfYpbifRq,hardware-gen-r1-a07_mhcflurry_100k_warmup_cosine_lr2p8e-4-h100-bang-20260312a,H100!,A07_mhcflurry_100k_warmup_cosine_lr2p8e-4,3,0.03015642107390709,0.041709304944827004,73.46203101600003,3.7183618520001573,31.780212780000426,12.231984939000313,1.6367194399998652,47.75714285714286,16.514285714285716,16.44339609146118,36.75,0.00027808577687953853,5250.18720723469,190.33215593340088,27.584341602644287,190.33215593340088,5250.18720723469,1704.6654021210745,114.10886948652374,14.938938662628635,114.10886948652374,1704.6654021210745,2914.3737729032628,164.82547133432823,17.681574026819032,2914.3737729032628,164.82547133432823
ap-ZY76qQTRg73lLMfYpbifRq,hardware-gen-r1-a07_mhcflurry_100k_warmup_cosine_lr2p8e-4-h100-bang-20260312a,H100!,A07_mhcflurry_100k_warmup_cosine_lr2p8e-4,4,0.02487507611670989,0.036710558383045,71.58771891999999,3.604928961998212,30.764942051999924,11.734596869999734,1.5586383780004098,49.04347826086956,16.92753623188406,16.44339370727539,36.75,0.00027240127021902453,16958.17751610271,194.4703549613381,87.20186436371806,194.4703549613381,16958.17751610271,431.4612688590884,88.91779328548614,4.852361410654969,88.91779328548614,431.4612688590884,6535.57458610274,100.37609736325194,65.11086561226914,6535.57458610274,100.37609736325194
ap-ZY76qQTRg73lLMfYpbifRq,hardware-gen-r1-a07_mhcflurry_100k_warmup_cosine_lr2p8e-4-h100-bang-20260312a,H100!,A07_mhcflurry_100k_warmup_cosine_lr2p8e-4,5,0.022201238428952837,0.03143038291734858,71.79987155999999,3.6515797630011093,30.852212793999456,11.829192214001125,1.5948834130002751,48.78260869565217,16.73913043478261,16.44339418411255,36.75,0.00026311920087683006,25360.740492192715,55.86989295668655,453.92498804058516,55.86989295668655,25360.740492192715,407.1988451436413,20.271903995118105,20.086857418114413,20.271903995118105,407.1988451436413,1496.9050841965366,110.87208533779976,13.501189949082656,1496.9050841965366,110.87208533779976
ap-ZY76qQTRg73lLMfYpbifRq,hardware-gen-r1-a07_mhcflurry_100k_warmup_cosine_lr2p8e-4-h100-bang-20260312a,H100!,A07_mhcflurry_100k_warmup_cosine_lr2p8e-4,6,0.020312537710145538,0.029531939524727373,72.45214038,3.681837848998896,31.14531638999989,11.861640656000475,1.608525940000277,48.46376811594203,16.579710144927535,16.443330764770508,36.75,0.0002505215998329737,19170.55716032136,90.84650414195657,211.0214073880651,90.84650414195657,19170.55716032136,390.34536088167243,268.5548753670093,1.4535031633599027,268.5548753670093,390.34536088167243,3060.9941071194207,43.947828573123864,69.65063363770743,3060.9941071194207,43.947828573123864
ap-ZY76qQTRg73lLMfYpbifRq,hardware-gen-r1-a07_mhcflurry_100k_warmup_cosine_lr2p8e-4-h100-bang-20260312a,H100!,A07_mhcflurry_100k_warmup_cosine_lr2p8e-4,7,0.018392797856786325,0.02857520004304556,73.58789512999994,3.7639284269974382,31.652573844000074,12.402892569000358,1.655843135998964,47.885714285714286,16.428571428571427,16.443395614624023,36.75,0.00023499123882048342,24887.14699318958,117.57910308154858,211.66301103631284,117.57910308154858,24887.14699318958,1533.6210451955526,85.44828077008823,17.947945018601327,85.44828077008823,1533.6210451955526,3921.577464850293,199.4938991710303,19.657631041078815,3921.577464850293,199.4938991710303
ap-ZY76qQTRg73lLMfYpbifRq,hardware-gen-r1-a07_mhcflurry_100k_warmup_cosine_lr2p8e-4-h100-bang-20260312a,H100!,A07_mhcflurry_100k_warmup_cosine_lr2p8e-4,8,0.018425677246598285,0.030125552931657203,72.34664108300001,3.6760101440002018,31.16714195099928,11.900156396999364,1.6067672880016062,47.77142857142857,16.228571428571428,16.443330764770508,36.75,0.00021699999999998131,10056.771262790526,42.43737275010701,236.97912031477412,42.43737275010701,10056.771262790526,612.4165369340203,36.882178754305194,16.604673520338977,36.882178754305194,612.4165369340203,1389.087998890297,88.34529862206035,15.723394686035205,1389.087998890297,88.34529862206035
ap-ZY76qQTRg73lLMfYpbifRq,hardware-gen-r1-a07_mhcflurry_100k_warmup_cosine_lr2p8e-4-h100-bang-20260312a,H100!,A07_mhcflurry_100k_warmup_cosine_lr2p8e-4,9,0.017122941424459807,0.029552611328948004,73.50873159700006,3.7175403769984996,31.809389298000838,12.260500082998647,1.6725014489994692,47.31428571428572,16.0,16.4433331489563,36.75,0.00019709453805901765,23262.674357906522,81.5728272852036,285.1767571641606,81.5728272852036,23262.674357906522,3404.5309396582497,70.05920151953359,48.5950576914442,70.05920151953359,3404.5309396582497,2129.8913908886125,97.2778009325843,21.894937698732264,2129.8913908886125,97.2778009325843
ap-ZY76qQTRg73lLMfYpbifRq,hardware-gen-r1-a07_mhcflurry_100k_warmup_cosine_lr2p8e-4-h100-bang-20260312a,H100!,A07_mhcflurry_100k_warmup_cosine_lr2p8e-4,10,0.015678053357412167,0.02706849229378769,73.20115699199994,3.728146093997566,31.593842933000246,12.155184264001718,1.671507228003179,47.8,16.442857142857143,16.44339418411255,36.75,0.00017587967038601874,19558.99564491143,66.81869732612988,292.7174043733229,66.81869732612988,19558.99564491143,1012.8455677881173,44.70391553741848,22.656752895399865,44.70391553741848,1012.8455677881173,1267.3774881818042,118.88136234925261,10.660859390713165,1267.3774881818042,118.88136234925261
ap-ZY76qQTRg73lLMfYpbifRq,hardware-gen-r1-a07_mhcflurry_100k_warmup_cosine_lr2p8e-4-h100-bang-20260312a,H100!,A07_mhcflurry_100k_warmup_cosine_lr2p8e-4,11,0.014759344677572365,0.029480146806543837,73.21541832499997,3.6949157549994425,31.58786061100011,12.100234130000445,1.646946706000449,47.44285714285714,15.985714285714286,16.44339370727539,36.75,0.00015399999999998783,21407.710394302612,67.76993116573797,315.8880350925541,67.76993116573797,21407.710394302612,1005.626334758259,34.55698411472383,29.100523686318674,34.55698411472383,1005.626334758259,1600.9592355095997,56.1583327161489,28.50795524150644,1600.9592355095997,56.1583327161489
ap-ZY76qQTRg73lLMfYpbifRq,hardware-gen-r1-a07_mhcflurry_100k_warmup_cosine_lr2p8e-4-h100-bang-20260312a,H100!,A07_mhcflurry_100k_warmup_cosine_lr2p8e-4,12,0.013900477410883428,0.028338571113104432,74.47969573500006,3.7994119829991178,32.375347513998804,12.390258140998412,1.6985702309988255,47.929577464788736,16.52112676056338,16.44339418411255,36.75,0.00013212032961395297,20778.699866731433,52.24500292675574,397.716503066559,52.24500292675574,20778.699866731433,1479.3140981955423,88.70590048465377,16.676614409110986,88.70590048465377,1479.3140981955423,2548.9473481464324,113.23864280989707,22.50951870224688,2548.9473481464324,113.23864280989707
ap-ZY76qQTRg73lLMfYpbifRq,hardware-gen-r1-a07_mhcflurry_100k_warmup_cosine_lr2p8e-4-h100-bang-20260312a,H100!,A07_mhcflurry_100k_warmup_cosine_lr2p8e-4,13,0.013245352861566185,0.026220025677377214,72.959216728,3.738432648000071,31.414143189000924,12.034994440000446,1.64522600199939,48.9,17.142857142857142,16.44339609146118,36.75,0.00011090546194095281,17349.992737353095,53.436474915613466,324.68445504221773,53.436474915613466,17349.992737353095,1446.7570996687602,34.385400895836284,42.074748642641175,34.385400895836284,1446.7570996687602,2117.6935942867003,158.9327360259941,13.324464469927346,2117.6935942867003,158.9327360259941
ap-ZY76qQTRg73lLMfYpbifRq,hardware-gen-r1-a07_mhcflurry_100k_warmup_cosine_lr2p8e-4-h100-bang-20260312a,H100!,A07_mhcflurry_100k_warmup_cosine_lr2p8e-4,14,0.0124703670521714,0.027461775716465825,73.408637526,3.745595269001001,31.623418272002027,12.285549532998857,1.643917040000133,48.52857142857143,16.857142857142858,16.443330764770508,36.75,9.099999999999012e-05,18991.997830850047,67.07581850140596,283.1422449276852,67.07581850140596,18991.997830850047,1973.9374445950434,18.11232272371621,108.98312020524992,18.11232272371621,1973.9374445950434,2251.1038695875072,120.77681322608521,18.638543354953473,2251.1038695875072,120.77681322608521
ap-ZY76qQTRg73lLMfYpbifRq,hardware-gen-r1-a07_mhcflurry_100k_warmup_cosine_lr2p8e-4-h100-bang-20260312a,H100!,A07_mhcflurry_100k_warmup_cosine_lr2p8e-4,15,0.011769928028254564,0.02699098579872113,72.78261411300014,3.6744992160042784,31.41262258300253,12.062445089996345,1.6232638579990635,47.85507246376812,16.28985507246377,16.443395614624023,36.75,7.300876117948721e-05,24675.382261297305,80.37413641566555,307.00649937543693,80.37413641566555,24675.382261297305,1806.8545708321558,30.06929099806703,60.089696526210325,30.06929099806703,1806.8545708321558,2369.822426531712,231.98589916596404,10.21537272330646,2369.822426531712,231.98589916596404
ap-ZY76qQTRg73lLMfYpbifRq,hardware-gen-r1-a07_mhcflurry_100k_warmup_cosine_lr2p8e-4-h100-bang-20260312a,H100!,A07_mhcflurry_100k_warmup_cosine_lr2p8e-4,16,0.011488091699794818,0.026794584647107583,72.83247224800016,3.68498663500327,31.416588246996525,12.108229682001365,1.633640006998121,48.7536231884058,16.695652173913043,16.44339609146118,36.75,5.747840016700127e-05,18814.52322677302,97.3866446608453,193.19408007428225,97.3866446608453,18814.52322677302,1168.5144994519353,42.976087130939376,27.18987645133234,42.976087130939376,1168.5144994519353,2032.6765429736988,222.1492638280767,9.150048521190714,2032.6765429736988,222.1492638280767
ap-ZY76qQTRg73lLMfYpbifRq,hardware-gen-r1-a07_mhcflurry_100k_warmup_cosine_lr2p8e-4-h100-bang-20260312a,H100!,A07_mhcflurry_100k_warmup_cosine_lr2p8e-4,17,0.010988259588704986,0.027253662827962006,71.020834982,3.541391433001081,30.462356075998514,11.608052959999213,1.560788582001578,49.13235294117647,16.764705882352942,16.443395614624023,36.75,4.488079912315651e-05,26127.339245735697,64.9336358045421,402.3698799861148,64.9336358045421,26127.339245735697,2458.149604017953,32.37720557099419,75.92222863791984,32.37720557099419,2458.149604017953,2234.3447348456543,90.76111214353006,24.617864216033965,2234.3447348456543,90.76111214353006
ap-ZY76qQTRg73lLMfYpbifRq,hardware-gen-r1-a07_mhcflurry_100k_warmup_cosine_lr2p8e-4-h100-bang-20260312a,H100!,A07_mhcflurry_100k_warmup_cosine_lr2p8e-4,18,0.010567924303744557,0.02710578010793632,70.84720266599993,3.5440995479987123,30.30359725900098,11.568322119997674,1.5580561109943574,48.95652173913044,16.797101449275363,16.443395614624023,36.75,3.559872978097367e-05,14205.92884411639,98.89501665947783,143.64655898720588,98.89501665947783,14205.92884411639,688.9393942028951,71.02178019126711,9.700396024255213,71.02178019126711,688.9393942028951,2435.8862256364496,129.39166163078394,18.825681616078118,2435.8862256364496,129.39166163078394
ap-ZY76qQTRg73lLMfYpbifRq,hardware-gen-r1-a07_mhcflurry_100k_warmup_cosine_lr2p8e-4-h100-bang-20260312a,H100!,A07_mhcflurry_100k_warmup_cosine_lr2p8e-4,19,0.01034012159114272,0.02782176083061271,70.90512153000009,3.52386719500214,30.479073911997375,11.660893245998295,1.5503192790019966,50.411764705882355,17.61764705882353,16.44339609146118,36.75,2.9914223120461328e-05,16021.312287935825,65.53603457711263,244.4656957247609,65.53603457711263,16021.312287935825,604.0075084843868,43.43196863334503,13.906979754554762,43.43196863334503,604.0075084843868,1931.2801630026559,134.90595133274834,14.315752151208756,1931.2801630026559,134.90595133274834
ap-ZY76qQTRg73lLMfYpbifRq,hardware-gen-r1-a07_mhcflurry_100k_warmup_cosine_lr2p8e-4-h100-bang-20260312a,H100!,A07_mhcflurry_100k_warmup_cosine_lr2p8e-4,20,0.01023355188271778,0.02726714054812104,69.97490971100001,3.4888784120025775,29.96762094299538,11.320018364997168,1.5297686479925687,50.529411764705884,17.264705882352942,16.44339370727539,36.75,2.8e-05,21981.857118925866,69.17571567889699,317.7684090897195,69.17571567889699,21981.857118925866,676.5904163919658,46.80200756809358,14.456440044961214,46.80200756809358,676.5904163919658,2424.4489120947906,106.54318204182123,22.75555193332902,2424.4489120947906,106.54318204182123
ap-csHO0DY5EbBjwnu4aW1kwi,hardware-gen-r1-a07_mhcflurry_100k_warmup_cosine_lr2p8e-4-a100-20260312a,A100,A07_mhcflurry_100k_warmup_cosine_lr2p8e-4,1,0.0731443869118384,0.07541080350772693,113.25320674,5.1428453819998765,48.61254270200032,17.819509563999972,2.210355574999916,48.403669724770644,23.61467889908257,16.39589786529541,36.736328125,0.00014049999999999984,4782.128255810501,2365.0240620341756,2.0220209733077117,2365.0240620341756,4782.128255810501,3571.547622446171,1675.72363244859,2.131346454323961,1675.72363244859,3571.547622446171,4858.604147571784,5618.830722882897,0.8647002173930846,4858.604147571784,5618.830722882897
ap-csHO0DY5EbBjwnu4aW1kwi,hardware-gen-r1-a07_mhcflurry_100k_warmup_cosine_lr2p8e-4-a100-20260312a,A100,A07_mhcflurry_100k_warmup_cosine_lr2p8e-4,2,0.04108248500016618,0.04477970134466887,112.26645197100001,5.20657500900009,47.86301862499977,17.69185816999979,2.179213517999642,48.611111111111114,23.712962962962962,16.39589834213257,36.736328125,0.00028,512.3737345912825,54.8864920999209,9.335151783038087,54.8864920999209,512.3737345912825,255.72770802180185,25.86198115112714,9.888171618695054,25.86198115112714,255.72770802180185,220.30760998928548,171.20697797928761,1.286791067686143,220.30760998928548,171.20697797928761
ap-csHO0DY5EbBjwnu4aW1kwi,hardware-gen-r1-a07_mhcflurry_100k_warmup_cosine_lr2p8e-4-a100-20260312a,A100,A07_mhcflurry_100k_warmup_cosine_lr2p8e-4,3,0.029872726564858593,0.03493924198958736,113.67627629000003,5.2785802780003905,48.513053510001214,18.065397128000086,2.192786680001575,49.148148148148145,24.37037037037037,16.39589834213257,36.736328125,0.00027808577687953853,1369.6686479100829,101.87550009321822,13.444534227138098,101.87550009321822,1369.6686479100829,358.9241572701764,58.61174192368795,6.123758576182448,58.61174192368795,358.9241572701764,8808.156359550336,168.7940560127035,52.18285861255346,8808.156359550336,168.7940560127035
ap-csHO0DY5EbBjwnu4aW1kwi,hardware-gen-r1-a07_mhcflurry_100k_warmup_cosine_lr2p8e-4-a100-20260312a,A100,A07_mhcflurry_100k_warmup_cosine_lr2p8e-4,4,0.02380437151092173,0.03518731366628065,110.53843123600001,5.130760591000012,46.93390418600018,17.17571700899947,2.0614517349997072,48.70754716981132,23.57547169811321,16.395895957946777,36.736328125,0.00027240127021902453,12686.492861701689,72.0059245095836,176.18679224114658,72.0059245095836,12686.492861701689,580.5523543352604,62.86003997458666,9.235634507549927,62.86003997458666,580.5523543352604,4548.147386070256,55.93928405249104,81.30506965020268,4548.147386070256,55.93928405249104
ap-csHO0DY5EbBjwnu4aW1kwi,hardware-gen-r1-a07_mhcflurry_100k_warmup_cosine_lr2p8e-4-a100-20260312a,A100,A07_mhcflurry_100k_warmup_cosine_lr2p8e-4,5,0.021365668308936943,0.03196827498479531,111.04935168999998,5.146124705001171,47.198240913000404,17.269647931998747,2.109632094999995,48.89719626168224,24.149532710280372,16.395896434783936,36.736328125,0.00026311920087683006,13487.070311982243,56.35837243433796,239.3090809656678,56.35837243433796,13487.070311982243,359.8512521943883,46.91807953420664,7.6697779569607265,46.91807953420664,359.8512521943883,1323.4678625181248,40.70658583975547,32.512376933994304,1323.4678625181248,40.70658583975547
ap-csHO0DY5EbBjwnu4aW1kwi,hardware-gen-r1-a07_mhcflurry_100k_warmup_cosine_lr2p8e-4-a100-20260312a,A100,A07_mhcflurry_100k_warmup_cosine_lr2p8e-4,6,0.019035853516563016,0.028602854527819615,110.65745730499998,5.11167541399891,47.06108295300146,17.191158186000848,2.0867512579995946,49.405660377358494,24.160377358490567,16.395833015441895,36.736328125,0.0002505215998329737,14989.856056726221,72.60642058996199,206.45358819408054,72.60642058996199,14989.856056726221,1342.1525941552707,388.3087095607755,3.456406104497138,388.3087095607755,1342.1525941552707,3644.5393762916688,86.3311879441084,42.215790875612385,3644.5393762916688,86.3311879441084
ap-csHO0DY5EbBjwnu4aW1kwi,hardware-gen-r1-a07_mhcflurry_100k_warmup_cosine_lr2p8e-4-a100-20260312a,A100,A07_mhcflurry_100k_warmup_cosine_lr2p8e-4,7,0.01840434218151758,0.028980280242215554,112.21623100400006,5.233551748997911,47.81491632400105,17.86863664700047,2.107520164001585,48.71028037383178,23.738317757009344,16.39589786529541,36.736328125,0.00023499123882048342,19622.62183702209,73.35687894598247,267.4953203975802,73.35687894598247,19622.62183702209,878.5376843831858,253.82789413679936,3.461154997841577,253.82789413679936,878.5376843831858,2336.1948067683506,40.27236845636679,58.00986870934863,2336.1948067683506,40.27236845636679
ap-csHO0DY5EbBjwnu4aW1kwi,hardware-gen-r1-a07_mhcflurry_100k_warmup_cosine_lr2p8e-4-a100-20260312a,A100,A07_mhcflurry_100k_warmup_cosine_lr2p8e-4,8,0.016975260181168336,0.02965996439855259,109.96575279199999,5.053086762001044,46.634271929998704,17.162461136998104,2.007995581999239,49.54716981132076,24.00943396226415,16.395833015441895,36.736328125,0.00021699999999998131,35117.35000725749,68.59655104389887,511.94046162443186,68.59655104389887,35117.35000725749,1111.7598120038945,68.65905424118041,16.192471980441027,68.65905424118041,1111.7598120038945,1651.2942136417837,128.75916920511645,12.824672789020815,1651.2942136417837,128.75916920511645
ap-csHO0DY5EbBjwnu4aW1kwi,hardware-gen-r1-a07_mhcflurry_100k_warmup_cosine_lr2p8e-4-a100-20260312a,A100,A07_mhcflurry_100k_warmup_cosine_lr2p8e-4,9,0.015909783936784428,0.028976777023994007,110.33005686499996,4.980286707997266,46.73547753800017,17.346006923000118,1.9113728579998224,48.54716981132076,23.556603773584907,16.395835399627686,36.736328125,0.00019709453805901765,31790.188999309572,109.87425386298634,289.3324676311529,109.87425386298634,31790.188999309572,2303.2314880793024,285.5474094905444,8.066021303392603,285.5474094905444,2303.2314880793024,2396.7853150431893,258.6551661664216,9.266334597396252,2396.7853150431893,258.6551661664216
ap-csHO0DY5EbBjwnu4aW1kwi,hardware-gen-r1-a07_mhcflurry_100k_warmup_cosine_lr2p8e-4-a100-20260312a,A100,A07_mhcflurry_100k_warmup_cosine_lr2p8e-4,10,0.014972854925235365,0.026623871927865996,111.3714885999998,5.0633439110019935,47.600211908003075,17.882596990999673,1.9712024449988803,49.626168224299064,24.1588785046729,16.395896434783936,36.736328125,0.00017587967038601874,18918.385854491135,88.85187001156935,212.92051424497632,88.85187001156935,18918.385854491135,478.10362605731495,93.50472127045136,5.113149577489854,93.50472127045136,478.10362605731495,2969.882174302041,38.82537147304995,76.49333571382674,2969.882174302041,38.82537147304995
ap-csHO0DY5EbBjwnu4aW1kwi,hardware-gen-r1-a07_mhcflurry_100k_warmup_cosine_lr2p8e-4-a100-20260312a,A100,A07_mhcflurry_100k_warmup_cosine_lr2p8e-4,11,0.013960247737681756,0.028709899720091085,106.64956497399999,4.8843667999999525,44.89762888100131,16.440868695999598,1.826218014996357,49.0,23.53846153846154,16.395895957946777,36.736328125,0.00015399999999998783,26434.26875849747,73.41884250034053,360.0474736219774,73.41884250034053,26434.26875849747,894.0217124792723,40.75166245921893,21.93828812196163,40.75166245921893,894.0217124792723,2723.837162786461,54.24720717510717,50.21156488285297,2723.837162786461,54.24720717510717
ap-csHO0DY5EbBjwnu4aW1kwi,hardware-gen-r1-a07_mhcflurry_100k_warmup_cosine_lr2p8e-4-a100-20260312a,A100,A07_mhcflurry_100k_warmup_cosine_lr2p8e-4,12,0.013073512638450763,0.028795695518447947,106.98231584900009,4.893583668999327,45.1976399420023,16.51857690600218,1.8409375580004053,50.87378640776699,24.70873786407767,16.395896434783936,36.736328125,0.00013212032961395297,27603.62566701326,101.0959600559435,273.0438056252519,101.0959600559435,27603.62566701326,794.6450588288516,126.6385022164064,6.274908854109165,126.6385022164064,794.6450588288516,2613.9993154545145,66.64183080452825,39.22460238407639,2613.9993154545145,66.64183080452825
ap-csHO0DY5EbBjwnu4aW1kwi,hardware-gen-r1-a07_mhcflurry_100k_warmup_cosine_lr2p8e-4-a100-20260312a,A100,A07_mhcflurry_100k_warmup_cosine_lr2p8e-4,13,0.012375593139384846,0.02771250986171743,106.986178204,4.9000522239980455,45.078194624001526,16.511105236000276,1.8273348240009,50.737864077669904,24.825242718446603,16.39589834213257,36.736328125,0.00011090546194095281,24591.86217542634,75.10411922133589,327.43692929748363,75.10411922133589,24591.86217542634,1046.750318001573,72.5338728821932,14.431192991744227,72.5338728821932,1046.750318001573,2114.9621565495745,54.60497445253159,38.732041865308865,2114.9621565495745,54.60497445253159
ap-csHO0DY5EbBjwnu4aW1kwi,hardware-gen-r1-a07_mhcflurry_100k_warmup_cosine_lr2p8e-4-a100-20260312a,A100,A07_mhcflurry_100k_warmup_cosine_lr2p8e-4,14,0.011556826361539211,0.027111936618502322,106.93008515600013,4.927818499996874,45.03780085700555,16.56110495400253,1.8461523660009789,49.990196078431374,24.04901960784314,16.395833015441895,36.736328125,9.099999999999012e-05,31308.187122090847,122.12850086457837,256.35447009053837,122.12850086457837,31308.187122090847,1408.20662072686,162.33735392526776,8.674569263800677,162.33735392526776,1408.20662072686,3442.5745529883097,33.74350067941803,102.02185557730591,3442.5745529883097,33.74350067941803
ap-csHO0DY5EbBjwnu4aW1kwi,hardware-gen-r1-a07_mhcflurry_100k_warmup_cosine_lr2p8e-4-a100-20260312a,A100,A07_mhcflurry_100k_warmup_cosine_lr2p8e-4,15,0.011018555039818804,0.02754160796220486,114.46635499900003,5.024404203998074,49.24049949000164,18.662454245998106,1.8989297220045955,47.99090909090909,23.236363636363638,16.39589786529541,36.736328125,7.300876117948721e-05,29595.146444578022,90.7601654554062,326.08078991569494,90.7601654554062,29595.146444578022,1216.7457358671102,61.12483355211663,19.90591491475688,61.12483355211663,1216.7457358671102,2638.8726282396815,19.591793900123797,134.6927515516079,2638.8726282396815,19.591793900123797
ap-csHO0DY5EbBjwnu4aW1kwi,hardware-gen-r1-a07_mhcflurry_100k_warmup_cosine_lr2p8e-4-a100-20260312a,A100,A07_mhcflurry_100k_warmup_cosine_lr2p8e-4,16,0.010570768096568432,0.027419903718579847,111.82480821400009,4.955447372002709,47.93372608999766,18.03627341000106,1.831549700999858,48.69444444444444,23.787037037037038,16.39589834213257,36.736328125,5.747840016700127e-05,25070.56952184013,143.26884890007335,174.98967650201658,143.26884890007335,25070.56952184013,1141.7704584310006,138.59991753541186,8.237886996861176,138.59991753541186,1141.7704584310006,3042.600245229412,21.6373645830182,140.61787578406646,3042.600245229412,21.6373645830182
ap-csHO0DY5EbBjwnu4aW1kwi,hardware-gen-r1-a07_mhcflurry_100k_warmup_cosine_lr2p8e-4-a100-20260312a,A100,A07_mhcflurry_100k_warmup_cosine_lr2p8e-4,17,0.010198991964729029,0.027520913548337727,110.12381993999998,5.002883024999164,46.21765450299722,17.044859479995466,1.922476995001034,49.35849056603774,23.764150943396228,16.39589786529541,36.736328125,4.488079912315651e-05,28784.5453529496,134.23780780793817,214.4294951101505,134.23780780793817,28784.5453529496,1046.066140676817,99.38806649268011,10.525067823447992,99.38806649268011,1046.066140676817,3010.209259498075,20.1229489575159,149.59086095449072,3010.209259498075,20.1229489575159
ap-csHO0DY5EbBjwnu4aW1kwi,hardware-gen-r1-a07_mhcflurry_100k_warmup_cosine_lr2p8e-4-a100-20260312a,A100,A07_mhcflurry_100k_warmup_cosine_lr2p8e-4,18,0.009728665464941812,0.027787623468499917,119.79889178700023,5.619225563997588,51.680822738007464,19.58165804400096,2.4285386199987897,45.716814159292035,22.13274336283186,16.39589786529541,36.736328125,3.559872978097367e-05,33041.27495871194,219.7582415725966,150.35283647278746,219.7582415725966,33041.27495871194,1369.4994764899204,111.76295657616292,12.253608158233089,111.76295657616292,1369.4994764899204,3351.880923869342,20.854077299648676,160.7302435733184,3351.880923869342,20.854077299648676
ap-csHO0DY5EbBjwnu4aW1kwi,hardware-gen-r1-a07_mhcflurry_100k_warmup_cosine_lr2p8e-4-a100-20260312a,A100,A07_mhcflurry_100k_warmup_cosine_lr2p8e-4,19,0.00962087277080969,0.027413458402196948,112.35084387500001,5.0121884470027,47.99924036300081,17.979379268001594,1.949261487001877,48.583333333333336,23.97222222222222,16.39589834213257,36.736328125,2.9914223120461328e-05,34878.41675734409,115.23520743021793,302.6715318620408,115.23520743021793,34878.41675734409,985.0013219472879,55.8115251179106,17.64870821691968,55.8115251179106,985.0013219472879,3034.113495660723,15.32973740861723,197.92338347264655,3034.113495660723,15.32973740861723
ap-csHO0DY5EbBjwnu4aW1kwi,hardware-gen-r1-a07_mhcflurry_100k_warmup_cosine_lr2p8e-4-a100-20260312a,A100,A07_mhcflurry_100k_warmup_cosine_lr2p8e-4,20,0.009464117960141455,0.027141463606116863,106.86382010200032,4.575009984004282,45.09996134398716,16.790071080992675,1.6282996340069076,50.00961538461539,24.134615384615383,16.395895957946777,36.736328125,2.8e-05,29635.23896443204,116.05972308034234,255.34473267627087,116.05972308034234,29635.23896443204,1172.7727522602527,72.00928461632111,16.28641026652333,72.00928461632111,1172.7727522602527,3039.785382122715,17.44671883865034,174.23249667946558,3039.785382122715,17.44671883865034
ap-q0jFkon59YcLMKM9cQUNHB,hardware-gen-r1-a07_mhcflurry_100k_warmup_cosine_lr2p8e-4-h200-20260312a,H200,A07_mhcflurry_100k_warmup_cosine_lr2p8e-4,1,0.07287341878239044,0.07741258552011389,69.595657445,3.4632704539999466,30.134167704000077,11.807371976000091,1.5027463889999453,44.776119402985074,11.82089552238806,16.443395614624023,36.75,0.00014049999999999984,5196.727589403357,3798.705452325007,1.3680259379475415,3798.705452325007,5196.727589403357,2320.247458157833,1818.5793124848733,1.2758571717103113,1818.5793124848733,2320.247458157833,5153.286563785481,5294.610758430984,0.973307916087984,5153.286563785481,5294.610758430984
ap-q0jFkon59YcLMKM9cQUNHB,hardware-gen-r1-a07_mhcflurry_100k_warmup_cosine_lr2p8e-4-h200-20260312a,H200,A07_mhcflurry_100k_warmup_cosine_lr2p8e-4,2,0.03998211784140959,0.043794153401484855,67.97549351,3.494359303000266,29.038826760000077,11.45601342700013,1.4279412329995296,46.646153846153844,12.384615384615385,16.44339609146118,36.75,0.00028,1420.0533128855031,55.91146816722508,25.39824761242683,55.91146816722508,1420.0533128855031,183.60874657651607,16.52077637848555,11.113808598948385,16.52077637848555,183.60874657651607,469.79911388896096,50.86686416697276,9.235857597724607,469.79911388896096,50.86686416697276
ap-q0jFkon59YcLMKM9cQUNHB,hardware-gen-r1-a07_mhcflurry_100k_warmup_cosine_lr2p8e-4-h200-20260312a,H200,A07_mhcflurry_100k_warmup_cosine_lr2p8e-4,3,0.02896675670066964,0.03565736939199269,68.2703607,3.4843750790001593,29.12014563300025,11.455009738999877,1.4376128819996836,46.36363636363637,12.393939393939394,16.44339609146118,36.75,0.00027808577687953853,26002.53547063608,84.54163013869008,307.5707840974803,84.54163013869008,26002.53547063608,4586.535067071818,31.711542350152385,144.63298619878634,31.711542350152385,4586.535067071818,5126.469326632653,138.82219778171378,36.92831123948631,5126.469326632653,138.82219778171378
ap-q0jFkon59YcLMKM9cQUNHB,hardware-gen-r1-a07_mhcflurry_100k_warmup_cosine_lr2p8e-4-h200-20260312a,H200,A07_mhcflurry_100k_warmup_cosine_lr2p8e-4,4,0.024252057150479848,0.03647516624052794,68.913578385,3.5150910160005537,29.429905509000207,11.65029312799993,1.4593079660002672,45.45454545454545,12.06060606060606,16.44339370727539,36.75,0.00027240127021902453,14389.312573075038,184.92095671996447,77.81331455506977,184.92095671996447,14389.312573075038,1294.0906596302193,53.96197676047337,23.981528055846322,53.96197676047337,1294.0906596302193,3988.3881273825004,74.21142351450975,53.743587422261136,3988.3881273825004,74.21142351450975
ap-q0jFkon59YcLMKM9cQUNHB,hardware-gen-r1-a07_mhcflurry_100k_warmup_cosine_lr2p8e-4-h200-20260312a,H200,A07_mhcflurry_100k_warmup_cosine_lr2p8e-4,5,0.021858013298173072,0.031675108027859375,69.74368142100002,3.636683417999052,29.862422978000495,12.000424181999847,1.5472313819997225,44.56060606060606,11.651515151515152,16.44339418411255,36.75,0.00026311920087683006,24280.265391406814,133.12897397606974,182.38152572084908,133.12897397606974,24280.265391406814,1702.6536292500898,38.41630330669391,44.321121052618516,38.41630330669391,1702.6536292500898,2781.9452183921285,49.29519341635226,56.43441125984705,2781.9452183921285,49.29519341635226
ap-q0jFkon59YcLMKM9cQUNHB,hardware-gen-r1-a07_mhcflurry_100k_warmup_cosine_lr2p8e-4-h200-20260312a,H200,A07_mhcflurry_100k_warmup_cosine_lr2p8e-4,6,0.019917547001666522,0.027863848084010757,70.54877861899996,3.7132113019993653,30.306510358999617,12.110984437999264,1.5609668810006951,45.23880597014925,12.208955223880597,16.443330764770508,36.75,0.0002505215998329737,28588.41706689718,109.83553610321077,260.28385785847195,109.83553610321077,28588.41706689718,1574.4072835236054,273.27999286939115,5.761150924341771,273.27999286939115,1574.4072835236054,2849.1198728178624,68.52590325069522,41.577268414757555,2849.1198728178624,68.52590325069522
ap-q0jFkon59YcLMKM9cQUNHB,hardware-gen-r1-a07_mhcflurry_100k_warmup_cosine_lr2p8e-4-h200-20260312a,H200,A07_mhcflurry_100k_warmup_cosine_lr2p8e-4,7,0.018329996634721967,0.029883676477206442,70.91545175499999,3.7489176239996027,30.348296356001526,12.35782398400039,1.5448801440008424,44.0,11.779411764705882,16.443395614624023,36.75,0.00023499123882048342,23169.53289092368,175.6373942573018,131.91685625318055,175.6373942573018,23169.53289092368,1261.2432219001626,61.91508106034339,20.37053332242165,61.91508106034339,1261.2432219001626,2351.319602936311,46.02094396727935,51.09238099522876,2351.319602936311,46.02094396727935
ap-q0jFkon59YcLMKM9cQUNHB,hardware-gen-r1-a07_mhcflurry_100k_warmup_cosine_lr2p8e-4-h200-20260312a,H200,A07_mhcflurry_100k_warmup_cosine_lr2p8e-4,8,0.017335972678979152,0.028912313046077123,70.43545631300003,3.6729804650020696,30.076755853001828,12.313242011998682,1.4331151119989727,44.14705882352941,11.852941176470589,16.443330764770508,36.75,0.00021699999999998131,19517.978593118718,139.5814940833641,139.83213692684603,139.5814940833641,19517.978593118718,396.8340877389279,101.63122239607945,3.904647394600621,101.63122239607945,396.8340877389279,3156.938689621018,62.3671943431317,50.618577969888776,3156.938689621018,62.3671943431317
ap-q0jFkon59YcLMKM9cQUNHB,hardware-gen-r1-a07_mhcflurry_100k_warmup_cosine_lr2p8e-4-h200-20260312a,H200,A07_mhcflurry_100k_warmup_cosine_lr2p8e-4,9,0.016625265877609704,0.0296041310693209,75.02806477999991,3.953585649001525,32.36850589399921,13.468695253000305,1.6787076489990795,43.5,11.814285714285715,16.4433331489563,36.75,0.00019709453805901765,26237.757622616653,228.3233406804254,114.91491647076303,228.3233406804254,26237.757622616653,6542.463381988821,97.92495123592929,66.81099453627657,97.92495123592929,6542.463381988821,2540.7423833598323,65.09960706756564,39.02853638921114,2540.7423833598323,65.09960706756564
ap-q0jFkon59YcLMKM9cQUNHB,hardware-gen-r1-a07_mhcflurry_100k_warmup_cosine_lr2p8e-4-h200-20260312a,H200,A07_mhcflurry_100k_warmup_cosine_lr2p8e-4,10,0.015535972813817824,0.026996047210951266,75.94044321800004,4.088816188000578,33.059741240000335,13.758203755001887,1.7879322579975678,41.40277777777778,10.916666666666666,16.44339418411255,36.75,0.00017587967038601874,18909.290082898427,245.16927754009095,77.12748625205013,245.16927754009095,18909.290082898427,1766.4362521195567,104.76155146090473,16.8614938160663,104.76155146090473,1766.4362521195567,1746.0794424254038,25.958549086627492,67.2641385540648,1746.0794424254038,25.958549086627492
ap-q0jFkon59YcLMKM9cQUNHB,hardware-gen-r1-a07_mhcflurry_100k_warmup_cosine_lr2p8e-4-h200-20260312a,H200,A07_mhcflurry_100k_warmup_cosine_lr2p8e-4,11,0.01422103159103311,0.027305640638447724,70.44591652299994,3.686526229998435,30.073341699999332,12.327027636998878,1.4477621500014948,44.298507462686565,11.537313432835822,16.44339370727539,36.75,0.00015399999999998783,22981.21298402754,187.43235114515448,122.61070644218749,187.43235114515448,22981.21298402754,809.9504877823126,208.51467215971684,3.884381273476581,208.51467215971684,809.9504877823126,2889.9354829466956,23.190975313505504,124.61465910248768,2889.9354829466956,23.190975313505504
ap-q0jFkon59YcLMKM9cQUNHB,hardware-gen-r1-a07_mhcflurry_100k_warmup_cosine_lr2p8e-4-h200-20260312a,H200,A07_mhcflurry_100k_warmup_cosine_lr2p8e-4,12,0.013383734848950122,0.02794091964427095,70.86189009299994,3.7065370660034205,30.37228758300023,12.345342562000042,1.47995573600042,43.838235294117645,11.294117647058824,16.44339418411255,36.75,0.00013212032961395297,17205.04388069175,96.44895220778977,178.38497450573828,96.44895220778977,17205.04388069175,1891.3235200059753,177.6502568625691,10.64633146840373,177.6502568625691,1891.3235200059753,3718.990196819843,29.132620335199377,127.65724998401147,3718.990196819843,29.132620335199377
ap-q0jFkon59YcLMKM9cQUNHB,hardware-gen-r1-a07_mhcflurry_100k_warmup_cosine_lr2p8e-4-h200-20260312a,H200,A07_mhcflurry_100k_warmup_cosine_lr2p8e-4,13,0.012813411754329746,0.026594504262678897,73.39923829299994,3.919274054997345,31.593496300998936,13.040431266001065,1.6721987630000967,43.385714285714286,11.457142857142857,16.44339609146118,36.75,0.00011090546194095281,19652.182024335933,110.4353180965341,177.95196648193198,110.4353180965341,19652.182024335933,1685.6690321305173,125.21840597356221,13.461831102421304,125.21840597356221,1685.6690321305173,3208.139485073513,38.844921621475464,82.58838867884054,3208.139485073513,38.844921621475464
ap-q0jFkon59YcLMKM9cQUNHB,hardware-gen-r1-a07_mhcflurry_100k_warmup_cosine_lr2p8e-4-h200-20260312a,H200,A07_mhcflurry_100k_warmup_cosine_lr2p8e-4,14,0.012228785550332296,0.02690121902940938,71.17034693199992,3.7490779320016827,30.566236538999533,12.402999623000824,1.4817889209989517,42.405797101449274,11.0,16.443330764770508,36.75,9.099999999999012e-05,15491.739767153898,176.03026749939582,88.00611387588256,176.03026749939582,15491.739767153898,997.7226869592652,65.30947841800467,15.276843593413396,65.30947841800467,997.7226869592652,3044.9379258631407,22.251885156187317,136.83954885127883,3044.9379258631407,22.251885156187317
ap-q0jFkon59YcLMKM9cQUNHB,hardware-gen-r1-a07_mhcflurry_100k_warmup_cosine_lr2p8e-4-h200-20260312a,H200,A07_mhcflurry_100k_warmup_cosine_lr2p8e-4,15,0.011395142092711507,0.02532096914947033,70.98865911400003,3.7095501029989464,30.349359756998638,12.37486492099697,1.4506571110025561,44.0735294117647,11.676470588235293,16.443395614624023,36.75,7.300876117948721e-05,17484.371759089277,146.94386242686585,118.98674412339795,146.94386242686585,17484.371759089277,3983.027356411292,111.01454341633027,35.87842848187932,111.01454341633027,3983.027356411292,3612.7246610762695,39.832372754121145,90.69820377954987,3612.7246610762695,39.832372754121145
ap-q0jFkon59YcLMKM9cQUNHB,hardware-gen-r1-a07_mhcflurry_100k_warmup_cosine_lr2p8e-4-h200-20260312a,H200,A07_mhcflurry_100k_warmup_cosine_lr2p8e-4,16,0.010994659403291673,0.025572062118981893,69.45200749300011,3.5674957259948314,29.613904114001798,12.063115765999555,1.378709587999765,45.833333333333336,12.090909090909092,16.44339609146118,36.75,5.747840016700127e-05,16945.093150086308,184.1334395186463,92.02615882472755,184.1334395186463,16945.093150086308,3654.372425114096,109.6409480417811,33.330361424105135,109.6409480417811,3654.372425114096,4425.66898068337,30.233242256702056,146.38419998444908,4425.66898068337,30.233242256702056
ap-q0jFkon59YcLMKM9cQUNHB,hardware-gen-r1-a07_mhcflurry_100k_warmup_cosine_lr2p8e-4-h200-20260312a,H200,A07_mhcflurry_100k_warmup_cosine_lr2p8e-4,17,0.010642475174282188,0.025403475012773506,68.92230437199987,3.583829502002345,29.18795370000271,11.986343649001583,1.3651949810027872,46.86363636363637,12.848484848484848,16.443395614624023,36.75,4.488079912315651e-05,23729.80713726726,188.1637216912772,126.11255200511542,188.1637216912772,23729.80713726726,2480.4367120491584,114.96773148847826,21.575068760034988,114.96773148847826,2480.4367120491584,3293.4355855266463,14.554634336307318,226.28088823303474,3293.4355855266463,14.554634336307318
ap-q0jFkon59YcLMKM9cQUNHB,hardware-gen-r1-a07_mhcflurry_100k_warmup_cosine_lr2p8e-4-h200-20260312a,H200,A07_mhcflurry_100k_warmup_cosine_lr2p8e-4,18,0.010215098550674732,0.025598701931392916,80.98349270299991,4.401000011001315,35.4910901679998,14.925266915000293,2.0991141310000785,38.66233766233766,10.428571428571429,16.443395614624023,36.75,3.559872978097367e-05,26872.196665475873,191.2848540662734,140.48261581737995,191.2848540662734,26872.196665475873,4057.653300218399,119.98358333165267,33.81840404784741,119.98358333165267,4057.653300218399,3643.27110514513,20.626066258952854,176.6343159866341,3643.27110514513,20.626066258952854
ap-q0jFkon59YcLMKM9cQUNHB,hardware-gen-r1-a07_mhcflurry_100k_warmup_cosine_lr2p8e-4-h200-20260312a,H200,A07_mhcflurry_100k_warmup_cosine_lr2p8e-4,19,0.009926039392081231,0.025675153266638516,74.86554385,3.9858770209978047,32.56629652899551,13.293416022998144,1.7812306979963068,42.375,11.319444444444445,16.44339609146118,36.75,2.9914223120461328e-05,29025.710531521832,150.35580796230175,193.0468195734704,150.35580796230175,29025.710531521832,2263.6301484712426,85.50520072179476,26.473596101321785,85.50520072179476,2263.6301484712426,3479.885395686902,21.184493992716774,164.26568398958625,3479.885395686902,21.184493992716774
ap-q0jFkon59YcLMKM9cQUNHB,hardware-gen-r1-a07_mhcflurry_100k_warmup_cosine_lr2p8e-4-h200-20260312a,H200,A07_mhcflurry_100k_warmup_cosine_lr2p8e-4,20,0.009875098866868322,0.026026041180683444,71.20960129700006,3.774864627002671,30.483153805996835,12.41336019699861,1.5683785730020645,44.220588235294116,11.661764705882353,16.44339370727539,36.75,2.8e-05,31054.739843238644,151.49988126905365,204.98194178837346,151.49988126905365,31054.739843238644,2668.6388047903456,84.71045818830649,31.503061863484607,84.71045818830649,2668.6388047903456,3509.572597745705,18.187150947819227,192.96989439495078,3509.572597745705,18.187150947819227
ap-zobZzBaqCemLmR8cG6nI6t,hardware-gen-r1-a03_log10_100k_warmup_cosine_lr1e-4-h200-20260312a,H200,A03_log10_100k_warmup_cosine_lr1e-4,1,2.0875094522022257,2.0072589324070855,67.280554055,4.288598528999941,27.780456955000375,10.983877189000154,1.506637047000126,46.516129032258064,12.693548387096774,16.44250202178955,36.748046875,5.049999999999986e-05,2123.378036557652,528.5033363852452,4.0177192656544465,528.5033363852452,2123.378036557652,247.93938631352657,142.70947246712478,1.737371612600159,142.70947246712478,247.93938631352657,201.49236063159302,654.1939018389324,0.30800097656856784,201.49236063159302,654.1939018389324
ap-zobZzBaqCemLmR8cG6nI6t,hardware-gen-r1-a03_log10_100k_warmup_cosine_lr1e-4-h200-20260312a,H200,A03_log10_100k_warmup_cosine_lr1e-4,2,1.334982833914501,1.6319827091808503,63.63923315100001,4.252541326000255,25.542063710000093,10.018684674000212,1.2984516539992228,48.189655172413794,12.827586206896552,16.44250249862671,36.748046875,0.0001,13244.3089963131,219.97937013092664,60.20705027217049,219.97937013092664,13244.3089963131,3894.752374566494,26.118175444640023,149.1203848761103,26.118175444640023,3894.752374566494,4486.773507468291,15211.308571824644,0.2949630195379101,4486.773507468291,15211.308571824644
ap-zobZzBaqCemLmR8cG6nI6t,hardware-gen-r1-a03_log10_100k_warmup_cosine_lr1e-4-h200-20260312a,H200,A03_log10_100k_warmup_cosine_lr1e-4,3,0.9044499337504812,0.9894507687825423,63.48544280399997,4.265927269000031,25.444680955999985,9.98704596899961,1.286390262000765,47.45762711864407,12.322033898305085,16.44250249862671,36.748046875,9.931634888554934e-05,4774.091133850383,90.51296995965077,52.74482912204291,90.51296995965077,4774.091133850383,1864.594268229716,39.90251862592315,46.72873624118453,39.90251862592315,1864.594268229716,22135.62657791249,12277.86269271919,1.8028892431773964,22135.62657791249,12277.86269271919
ap-zobZzBaqCemLmR8cG6nI6t,hardware-gen-r1-a03_log10_100k_warmup_cosine_lr1e-4-h200-20260312a,H200,A03_log10_100k_warmup_cosine_lr1e-4,4,0.7107839982977695,0.954518799483776,63.78752599799998,4.2919643090003206,25.598819984999864,9.996446559000049,1.3145718930006751,48.758620689655174,13.155172413793103,16.442500114440918,36.748046875,9.728616793536585e-05,22526.986276922613,58.71357275111993,383.67595806870605,58.71357275111993,22526.986276922613,1683.3367957611827,29.309496122465934,57.433153703072136,29.309496122465934,1683.3367957611827,16149.97463178855,2337.063235561297,6.910371266830432,16149.97463178855,2337.063235561297
ap-zobZzBaqCemLmR8cG6nI6t,hardware-gen-r1-a03_log10_100k_warmup_cosine_lr1e-4-h200-20260312a,H200,A03_log10_100k_warmup_cosine_lr1e-4,5,0.6332790421395652,0.8630987120362429,63.479565923999985,4.230041053000548,25.399992998998584,10.015807416000541,1.2926456770012464,47.689655172413794,12.620689655172415,16.442500591278076,36.748046875,9.397114317029977e-05,41631.216151973735,38.71210223042892,1075.4057194871298,38.71210223042892,41631.216151973735,1732.6006879840904,5.283397242964989,327.93307190579,5.283397242964989,1732.6006879840904,12256.312700348359,244.49844431610248,50.1283872567412,12256.312700348359,244.49844431610248
ap-zobZzBaqCemLmR8cG6nI6t,hardware-gen-r1-a03_log10_100k_warmup_cosine_lr1e-4-h200-20260312a,H200,A03_log10_100k_warmup_cosine_lr1e-4,6,0.5707802311806692,0.8433045692168749,63.75698503399997,4.258782706999682,25.56784883500086,9.934497837000094,1.341847271000347,48.58620689655172,12.96551724137931,16.44246768951416,36.748046875,8.947199994035378e-05,38699.6929736639,36.33461943251255,1065.0914631304784,36.33461943251255,38699.6929736639,2473.28038702142,5.467426522050512,452.36646108484643,5.467426522050512,2473.28038702142,16521.37498031555,1223.3490855802186,13.505037258011827,16521.37498031555,1223.3490855802186
ap-zobZzBaqCemLmR8cG6nI6t,hardware-gen-r1-a03_log10_100k_warmup_cosine_lr1e-4-h200-20260312a,H200,A03_log10_100k_warmup_cosine_lr1e-4,7,0.5141193905455917,0.8796900618534822,63.46311068999995,4.223746058998813,25.40331564199954,9.973580668000352,1.2966498209996757,49.13793103448276,13.620689655172415,16.44250202178955,36.748046875,8.392544243589396e-05,37563.42685056647,125.13669806814404,300.1791435323877,125.13669806814404,37563.42685056647,441.427185162443,57.355611752559675,7.6963207552701745,57.355611752559675,441.427185162443,17030.612164700462,711.8740533681679,23.923630990793466,17030.612164700462,711.8740533681679
ap-zobZzBaqCemLmR8cG6nI6t,hardware-gen-r1-a03_log10_100k_warmup_cosine_lr1e-4-h200-20260312a,H200,A03_log10_100k_warmup_cosine_lr1e-4,8,0.4862067951783959,0.8264492115722253,63.6551749250001,4.254295937001416,25.531420397000034,10.02784292500121,1.2932444420013098,47.275862068965516,12.293103448275861,16.44246768951416,36.75,7.749999999999973e-05,17641.70462522602,68.64541095407408,256.99758192181076,68.64541095407408,17641.70462522602,315.38431706166637,17.25493009586772,18.277924935621492,17.25493009586772,315.38431706166637,7967.8203028896105,370.58062017444826,21.500909300488555,7967.8203028896105,370.58062017444826
ap-zobZzBaqCemLmR8cG6nI6t,hardware-gen-r1-a03_log10_100k_warmup_cosine_lr1e-4-h200-20260312a,H200,A03_log10_100k_warmup_cosine_lr1e-4,9,0.45426534983397876,0.8206772022522413,63.53375961900008,4.29609108600016,25.34128990400029,10.003247259999853,1.3269437919977918,48.05172413793103,12.862068965517242,16.44247007369995,36.75,7.039090644965506e-05,51540.391450877265,69.99626908745363,736.3305519395968,69.99626908745363,51540.391450877265,526.9736296921014,26.722496064908967,19.720224802805923,26.722496064908967,526.9736296921014,14421.625877585724,442.20867717699736,32.61271571976268,14421.625877585724,442.20867717699736
ap-zobZzBaqCemLmR8cG6nI6t,hardware-gen-r1-a03_log10_100k_warmup_cosine_lr1e-4-h200-20260312a,H200,A03_log10_100k_warmup_cosine_lr1e-4,10,0.4182879305365732,0.8138387909302345,63.65373177599997,4.2260202950005805,25.516570451998973,10.033179778001113,1.3085315070002252,48.16949152542373,12.64406779661017,16.442500591278076,36.75,6.281416799501399e-05,40479.52723354619,61.43561361651806,658.8935122585403,61.43561361651806,40479.52723354619,133.58998672907535,19.03648636029728,7.017575838348626,19.03648636029728,133.58998672907535,12418.891486638275,39.29339752874594,316.0554257888482,12418.891486638275,39.29339752874594
ap-zobZzBaqCemLmR8cG6nI6t,hardware-gen-r1-a03_log10_100k_warmup_cosine_lr1e-4-h200-20260312a,H200,A03_log10_100k_warmup_cosine_lr1e-4,11,0.3934481239083123,0.8413711002239814,63.523648449999996,4.267282085000147,25.445812764999573,9.928450998000812,1.2983022840018066,47.39655172413793,12.362068965517242,16.442500114440918,36.75,5.5000000000002306e-05,46904.147042741155,101.88802862731382,460.34993192681367,101.88802862731382,46904.147042741155,268.2165870238174,23.90939843336513,11.218039959111897,23.90939843336513,268.2165870238174,15568.436748633338,73.27638036430923,212.4618693122056,15568.436748633338,73.27638036430923
ap-zobZzBaqCemLmR8cG6nI6t,hardware-gen-r1-a03_log10_100k_warmup_cosine_lr1e-4-h200-20260312a,H200,A03_log10_100k_warmup_cosine_lr1e-4,12,0.3580050982829541,0.8233458513250718,63.684711048000054,4.258157390998463,25.527069313999732,9.977471981000463,1.3064801400003034,47.63793103448276,12.568965517241379,16.442500591278076,36.75,4.718583200498999e-05,51067.45183124691,76.65547523805753,666.1944456368485,76.65547523805753,51067.45183124691,310.09883827207653,48.16368501432342,6.438436722187185,48.16368501432342,310.09883827207653,20946.37228334506,61.371902898068704,341.30231089843255,20946.37228334506,61.371902898068704
ap-zobZzBaqCemLmR8cG6nI6t,hardware-gen-r1-a03_log10_100k_warmup_cosine_lr1e-4-h200-20260312a,H200,A03_log10_100k_warmup_cosine_lr1e-4,13,0.3349171139636619,0.8466364987767659,63.623972955,4.294828065999582,25.411100906000115,9.989333234000242,1.3168782159985994,49.46551724137931,13.827586206896552,16.44250249862671,36.75,3.960909355034652e-05,39011.72072098977,137.55907486422663,283.5997607536621,137.55907486422663,39011.72072098977,333.4262311835167,26.87606203909116,12.406067179728531,26.87606203909116,333.4262311835167,18055.10020592175,29.614177933830494,609.6775755944944,18055.10020592175,29.614177933830494
ap-zobZzBaqCemLmR8cG6nI6t,hardware-gen-r1-a03_log10_100k_warmup_cosine_lr1e-4-h200-20260312a,H200,A03_log10_100k_warmup_cosine_lr1e-4,14,0.3140952251325388,0.8242139365810615,63.58386796699995,4.2850672870005155,25.441330988000573,9.944658425000057,1.3173817010020912,48.793103448275865,13.379310344827585,16.44246768951416,36.75,3.250000000000236e-05,44522.60339490113,61.21694769456578,727.2921155272398,61.21694769456578,44522.60339490113,204.62878712878177,46.28670810593418,4.420897391546135,46.28670810593418,204.62878712878177,17343.764647504766,33.62784726061744,515.7560195004381,17343.764647504766,33.62784726061744
ap-zobZzBaqCemLmR8cG6nI6t,hardware-gen-r1-a03_log10_100k_warmup_cosine_lr1e-4-h200-20260312a,H200,A03_log10_100k_warmup_cosine_lr1e-4,15,0.2942635575888184,0.8360194982244418,63.64404861000014,4.256212560001131,25.54574801200056,9.995703589000414,1.2924534789977997,48.775862068965516,12.948275862068966,16.44250202178955,36.75,2.607455756410835e-05,51045.701333991645,59.2903193352882,860.9449553699814,59.2903193352882,51045.701333991645,200.76373226861267,28.91704987660789,6.942745996749072,28.91704987660789,200.76373226861267,12341.588431295393,25.658889805425957,480.98684412626375,12341.588431295393,25.658889805425957
ap-zobZzBaqCemLmR8cG6nI6t,hardware-gen-r1-a03_log10_100k_warmup_cosine_lr1e-4-h200-20260312a,H200,A03_log10_100k_warmup_cosine_lr1e-4,16,0.2823008849774882,0.8230172661634592,63.41114418500001,4.217416710001544,25.368692203000364,9.954627992000724,1.2859945029986193,49.241379310344826,13.344827586206897,16.44250249862671,36.75,2.0528000059647813e-05,50694.107938236586,77.0271601588934,658.1328953795469,77.0271601588934,50694.107938236586,171.14373503441377,84.34924129967902,2.0289896197924073,84.34924129967902,171.14373503441377,19068.74340965793,19.499161482020302,977.926329152192,19068.74340965793,19.499161482020302
ap-zobZzBaqCemLmR8cG6nI6t,hardware-gen-r1-a03_log10_100k_warmup_cosine_lr1e-4-h200-20260312a,H200,A03_log10_100k_warmup_cosine_lr1e-4,17,0.26562905229501804,0.8418433585992227,63.683536082000046,4.271735221997687,25.462499293000747,9.98814455700176,1.3101332219969208,47.33898305084746,12.830508474576272,16.44250202178955,36.75,1.6028856829701292e-05,41938.22951857318,67.35030653970244,622.6880273195333,67.35030653970244,41938.22951857318,169.7645295744959,57.14553809818344,2.9707398901873745,57.14553809818344,169.7645295744959,19094.827402419804,11.62745753783081,1642.2186312264175,19094.827402419804,11.62745753783081
ap-zobZzBaqCemLmR8cG6nI6t,hardware-gen-r1-a03_log10_100k_warmup_cosine_lr1e-4-h200-20260312a,H200,A03_log10_100k_warmup_cosine_lr1e-4,18,0.25575078968063925,0.8259845486054054,63.58760346000008,4.261499591001211,25.391780880999022,9.934644179002817,1.3065821249979308,48.60344827586207,13.224137931034482,16.44250202178955,36.75,1.2713832064634571e-05,44659.10066976964,83.84767046461691,532.6218417554659,83.84767046461691,44659.10066976964,102.58172859491913,60.964577990214345,1.682644774665461,60.964577990214345,102.58172859491913,13794.884090200001,11.58752256709141,1190.4946903298815,13794.884090200001,11.58752256709141
ap-zobZzBaqCemLmR8cG6nI6t,hardware-gen-r1-a03_log10_100k_warmup_cosine_lr1e-4-h200-20260312a,H200,A03_log10_100k_warmup_cosine_lr1e-4,19,0.24566047373464553,0.8329820963052603,63.55317259100002,4.247730396995394,25.357753980000552,10.027664100998436,1.305393562000063,47.101694915254235,12.508474576271187,16.44250249862671,36.75,1.0683651114450746e-05,43884.927753419404,63.57729550271936,690.2610028692135,63.57729550271936,43884.927753419404,133.05627423870828,57.45885607574888,2.3156791367948255,57.45885607574888,133.05627423870828,11695.528913763541,10.847462309189357,1078.1811063639973,11695.528913763541,10.847462309189357
ap-zobZzBaqCemLmR8cG6nI6t,hardware-gen-r1-a03_log10_100k_warmup_cosine_lr1e-4-h200-20260312a,H200,A03_log10_100k_warmup_cosine_lr1e-4,20,0.24537822511573296,0.8366175536925976,63.43932828600009,4.2463767080023445,25.401639851998425,9.991644726998175,1.2891216150030687,49.224137931034484,13.017241379310345,16.442500114440918,36.75,1e-05,40528.66857058652,48.381652775561214,837.6867313441297,48.381652775561214,40528.66857058652,135.33737582485207,58.93419882793958,2.296414959673486,58.93419882793958,135.33737582485207,12354.454602630527,9.913124831885844,1246.2724733266828,12354.454602630527,9.913124831885844
