epoch,peptide,allele,ic50_log10,ic50_nM
1,SLLQHLIGL,HLA-A*02:01,2.5276994705200195,337.0539883662081
1,SLLQHLIGL,HLA-A*24:02,3.920250415802002,8322.43507460162
1,SLLQHLIGL,HLA-A*03:01,3.42215895652771,2643.3760848270854
1,SLLQHLIGL,HLA-A*11:01,3.254387378692627,1796.335193868986
1,SLLQHLIGL,HLA-A*01:01,3.9981141090393066,9956.66990279327
1,SLLQHLIGL,HLA-B*07:02,3.322634220123291,2102.0073008701297
1,SLLQHLIGL,HLA-B*44:02,3.936615467071533,8642.023980173124
1,FLRYLLFGI,HLA-A*02:01,1.846369743347168,70.20527475621749
1,FLRYLLFGI,HLA-A*24:02,3.3631649017333984,2307.623227563242
1,FLRYLLFGI,HLA-A*03:01,2.846285104751587,701.9159395407844
1,FLRYLLFGI,HLA-A*11:01,2.6533169746398926,450.10825153163034
1,FLRYLLFGI,HLA-A*01:01,3.410991668701172,2576.271734556624
1,FLRYLLFGI,HLA-B*07:02,2.732767105102539,540.4644155996386
1,FLRYLLFGI,HLA-B*44:02,3.393136978149414,2472.5038592709902
1,NFLIKFLLI,HLA-A*02:01,3.5630764961242676,3656.591927255537
1,NFLIKFLLI,HLA-A*24:02,3.938025951385498,8670.136828499797
1,NFLIKFLLI,HLA-A*03:01,4.11892032623291,13149.83568925385
1,NFLIKFLLI,HLA-A*11:01,4.02266788482666,10535.808902342567
1,NFLIKFLLI,HLA-A*01:01,3.933297872543335,8576.258693049007
1,NFLIKFLLI,HLA-B*07:02,4.055519104003906,11363.682838116576
1,NFLIKFLLI,HLA-B*44:02,3.950273275375366,8918.119251799782
1,IMLEGETKL,HLA-A*02:01,2.8963096141815186,787.6070849228956
1,IMLEGETKL,HLA-A*24:02,3.685108184814453,4842.929922398121
1,IMLEGETKL,HLA-A*03:01,3.641397476196289,4379.22718646147
1,IMLEGETKL,HLA-A*11:01,3.5011227130889893,3170.463174100174
1,IMLEGETKL,HLA-A*01:01,3.694489002227783,4948.675790782989
1,IMLEGETKL,HLA-B*07:02,3.549449920654297,3543.6426548874438
1,IMLEGETKL,HLA-B*44:02,3.7053048610687256,5073.467247497779
2,SLLQHLIGL,HLA-A*02:01,1.8429253101348877,69.65067187445774
2,SLLQHLIGL,HLA-A*24:02,4.4465813636779785,27962.845534514272
2,SLLQHLIGL,HLA-A*03:01,3.994748592376709,9879.809992864686
2,SLLQHLIGL,HLA-A*11:01,4.039388656616211,10949.358023485107
2,SLLQHLIGL,HLA-A*01:01,4.552191734313965,35660.853584554745
2,SLLQHLIGL,HLA-B*07:02,4.018982887268066,10446.790543762572
2,SLLQHLIGL,HLA-B*44:02,4.546750545501709,35216.8530780868
2,FLRYLLFGI,HLA-A*02:01,1.2276644706726074,16.891354269991407
2,FLRYLLFGI,HLA-A*24:02,4.2110514640808105,16257.413953830985
2,FLRYLLFGI,HLA-A*03:01,4.061325550079346,11516.633600991781
2,FLRYLLFGI,HLA-A*11:01,4.1766791343688965,15020.318242609932
2,FLRYLLFGI,HLA-A*01:01,4.503876686096191,31906.31776069718
2,FLRYLLFGI,HLA-B*07:02,3.5985255241394043,3967.5784630136554
2,FLRYLLFGI,HLA-B*44:02,4.387299060821533,24394.90104687201
2,NFLIKFLLI,HLA-A*02:01,3.188051223754883,1541.882302700863
2,NFLIKFLLI,HLA-A*24:02,2.711594343185425,514.7476151470731
2,NFLIKFLLI,HLA-A*03:01,4.433661460876465,27143.22588403581
2,NFLIKFLLI,HLA-A*11:01,4.488037109375,30763.59670733894
2,NFLIKFLLI,HLA-A*01:01,3.9991676807403564,9980.853493666526
2,NFLIKFLLI,HLA-B*07:02,4.080170631408691,12027.368891103817
2,NFLIKFLLI,HLA-B*44:02,3.2730889320373535,1875.378496725903
2,IMLEGETKL,HLA-A*02:01,2.11722731590271,130.98673467846712
2,IMLEGETKL,HLA-A*24:02,4.286641597747803,19348.24587670852
2,IMLEGETKL,HLA-A*03:01,4.057980060577393,11428.258639159008
2,IMLEGETKL,HLA-A*11:01,4.09312105178833,12391.419269606384
2,IMLEGETKL,HLA-A*01:01,4.452939033508301,28375.206678118673
2,IMLEGETKL,HLA-B*07:02,4.059659004211426,11472.52477451526
2,IMLEGETKL,HLA-B*44:02,4.447141647338867,27998.94370419211
3,SLLQHLIGL,HLA-A*02:01,0.9822280406951904,9.5990452886121
3,SLLQHLIGL,HLA-A*24:02,4.265056610107422,18410.119609826135
3,SLLQHLIGL,HLA-A*03:01,4.306221961975098,20240.533803967526
3,SLLQHLIGL,HLA-A*11:01,4.421213150024414,26376.25604478297
3,SLLQHLIGL,HLA-A*01:01,4.529275417327881,33827.92953978126
3,SLLQHLIGL,HLA-B*07:02,4.2971320152282715,19821.29454609546
3,SLLQHLIGL,HLA-B*44:02,4.5786004066467285,37896.61386399651
3,FLRYLLFGI,HLA-A*02:01,1.6011312007904053,39.9145466388195
3,FLRYLLFGI,HLA-A*24:02,3.8899314403533936,7761.245844996352
3,FLRYLLFGI,HLA-A*03:01,4.404598712921143,25386.25937122583
3,FLRYLLFGI,HLA-A*11:01,4.495863437652588,31323.006287077827
3,FLRYLLFGI,HLA-A*01:01,4.540036678314209,34676.61353288795
3,FLRYLLFGI,HLA-B*07:02,3.578665256500244,3790.2273096282106
3,FLRYLLFGI,HLA-B*44:02,4.3569135665893555,22746.446852920646
3,NFLIKFLLI,HLA-A*02:01,3.67748761177063,4758.692166485194
3,NFLIKFLLI,HLA-A*24:02,2.4530856609344482,283.84788393122176
3,NFLIKFLLI,HLA-A*03:01,4.611198425292969,40850.5986459835
3,NFLIKFLLI,HLA-A*11:01,4.62727165222168,42390.8038616073
3,NFLIKFLLI,HLA-A*01:01,4.342204570770264,21988.95400098299
3,NFLIKFLLI,HLA-B*07:02,4.470932483673096,29575.52643501021
3,NFLIKFLLI,HLA-B*44:02,3.8119781017303467,6486.017285192101
3,IMLEGETKL,HLA-A*02:01,1.5551445484161377,35.904141631998996
3,IMLEGETKL,HLA-A*24:02,4.343542575836182,22056.803585335605
3,IMLEGETKL,HLA-A*03:01,4.447032928466797,27991.93548113941
3,IMLEGETKL,HLA-A*11:01,4.522797584533691,33327.1045978509
3,IMLEGETKL,HLA-A*01:01,4.489514350891113,30868.41646050639
3,IMLEGETKL,HLA-B*07:02,4.433353424072266,27123.98053688719
3,IMLEGETKL,HLA-B*44:02,4.584257125854492,38393.44882263974
4,SLLQHLIGL,HLA-A*02:01,1.472994327545166,29.71627218140422
4,SLLQHLIGL,HLA-A*24:02,4.198875904083252,15807.962757760784
4,SLLQHLIGL,HLA-A*03:01,4.266139507293701,18456.081839139617
4,SLLQHLIGL,HLA-A*11:01,4.3970160484313965,24946.86911103027
4,SLLQHLIGL,HLA-A*01:01,4.373381614685059,23625.532976233495
4,SLLQHLIGL,HLA-B*07:02,4.424055099487305,26549.423764885334
4,SLLQHLIGL,HLA-B*44:02,4.5197343826293945,33092.86614231556
4,FLRYLLFGI,HLA-A*02:01,2.5125982761383057,325.5354403088003
4,FLRYLLFGI,HLA-A*24:02,4.329901218414307,21374.7585889621
4,FLRYLLFGI,HLA-A*03:01,4.399911403656006,25113.74057381831
4,FLRYLLFGI,HLA-A*11:01,4.516261577606201,32829.29659727962
4,FLRYLLFGI,HLA-A*01:01,4.502158164978027,31780.31261787402
4,FLRYLLFGI,HLA-B*07:02,4.222177982330322,16679.306229322967
4,FLRYLLFGI,HLA-B*44:02,4.489997386932373,30902.76838847321
4,NFLIKFLLI,HLA-A*02:01,3.9652419090270996,9230.854574595187
4,NFLIKFLLI,HLA-A*24:02,0.6801886558532715,4.788380525599191
4,NFLIKFLLI,HLA-A*03:01,4.555391788482666,35924.58736639879
4,NFLIKFLLI,HLA-A*11:01,4.548192977905273,35334.014091634985
4,NFLIKFLLI,HLA-A*01:01,4.234395980834961,17155.207714202188
4,NFLIKFLLI,HLA-B*07:02,4.266953945159912,18490.725233369434
4,NFLIKFLLI,HLA-B*44:02,2.8459596633911133,701.3901513474743
4,IMLEGETKL,HLA-A*02:01,2.088899612426758,122.71555402279867
4,IMLEGETKL,HLA-A*24:02,4.282448768615723,19162.35001464938
4,IMLEGETKL,HLA-A*03:01,4.409247398376465,25659.453259346956
4,IMLEGETKL,HLA-A*11:01,4.50363302230835,31888.42153122592
4,IMLEGETKL,HLA-A*01:01,4.36873197555542,23373.942726927082
4,IMLEGETKL,HLA-B*07:02,4.511288642883301,32455.52531532692
4,IMLEGETKL,HLA-B*44:02,4.534730434417725,34255.50973873417
5,SLLQHLIGL,HLA-A*02:01,1.607858419418335,40.537636066949204
5,SLLQHLIGL,HLA-A*24:02,4.52607536315918,33579.58798755998
5,SLLQHLIGL,HLA-A*03:01,4.427339553833008,26750.97120191673
5,SLLQHLIGL,HLA-A*11:01,4.532100677490234,34048.71117603558
5,SLLQHLIGL,HLA-A*01:01,4.570962429046631,37235.94919234097
5,SLLQHLIGL,HLA-B*07:02,4.383180141448975,24164.629537169145
5,SLLQHLIGL,HLA-B*44:02,4.624606609344482,42131.46971658343
5,FLRYLLFGI,HLA-A*02:01,2.4364302158355713,273.16824710088434
5,FLRYLLFGI,HLA-A*24:02,4.3464131355285645,22203.075490239637
5,FLRYLLFGI,HLA-A*03:01,4.476024627685547,29924.343247923778
5,FLRYLLFGI,HLA-A*11:01,4.574656009674072,37553.98337478731
5,FLRYLLFGI,HLA-A*01:01,4.619624614715576,41650.92153633083
5,FLRYLLFGI,HLA-B*07:02,3.5042343139648438,3193.26024323047
5,FLRYLLFGI,HLA-B*44:02,4.538943290710449,34589.42087153466
5,NFLIKFLLI,HLA-A*02:01,3.664533853530884,4618.849947209023
5,NFLIKFLLI,HLA-A*24:02,1.2628390789031982,18.316356123977435
5,NFLIKFLLI,HLA-A*03:01,4.484560489654541,30518.310664351826
5,NFLIKFLLI,HLA-A*11:01,4.507519721984863,32175.086414273
5,NFLIKFLLI,HLA-A*01:01,4.281808376312256,19134.114844823147
5,NFLIKFLLI,HLA-B*07:02,4.341560363769531,21956.361053574798
5,NFLIKFLLI,HLA-B*44:02,3.1924216747283936,1557.4771175635558
5,IMLEGETKL,HLA-A*02:01,1.8074383735656738,64.18571354481364
5,IMLEGETKL,HLA-A*24:02,4.571493148803711,37281.48035706336
5,IMLEGETKL,HLA-A*03:01,4.461300373077393,28926.79868053804
5,IMLEGETKL,HLA-A*11:01,4.552450180053711,35682.081435518885
5,IMLEGETKL,HLA-A*01:01,4.561428070068359,36427.391228230015
5,IMLEGETKL,HLA-B*07:02,4.458627700805664,28749.328202572342
5,IMLEGETKL,HLA-B*44:02,4.640439987182617,43695.8293983325
6,SLLQHLIGL,HLA-A*02:01,1.4532935619354248,28.39837972084563
6,SLLQHLIGL,HLA-A*24:02,4.553989410400391,35808.7705581015
6,SLLQHLIGL,HLA-A*03:01,4.418986797332764,26241.387676585262
6,SLLQHLIGL,HLA-A*11:01,4.530490875244141,33922.73621209785
6,SLLQHLIGL,HLA-A*01:01,4.366086006164551,23231.968286015683
6,SLLQHLIGL,HLA-B*07:02,4.559864521026611,36296.48095583885
6,SLLQHLIGL,HLA-B*44:02,4.641302108764648,43782.65650417484
6,FLRYLLFGI,HLA-A*02:01,1.7901756763458252,61.68444709952871
6,FLRYLLFGI,HLA-A*24:02,4.5365142822265625,34396.50228428242
6,FLRYLLFGI,HLA-A*03:01,4.480537414550781,30236.910508400877
6,FLRYLLFGI,HLA-A*11:01,4.582690238952637,38255.179047426696
6,FLRYLLFGI,HLA-A*01:01,4.44365119934082,27774.816562269603
6,FLRYLLFGI,HLA-B*07:02,4.432097434997559,27045.650716396853
6,FLRYLLFGI,HLA-B*44:02,4.608136177062988,40563.570634763004
6,NFLIKFLLI,HLA-A*02:01,3.857614755630493,7204.680986918735
6,NFLIKFLLI,HLA-A*24:02,1.3213419914245605,20.957621442177388
6,NFLIKFLLI,HLA-A*03:01,4.572682857513428,37383.749465218396
6,NFLIKFLLI,HLA-A*11:01,4.594662189483643,39324.407648916625
6,NFLIKFLLI,HLA-A*01:01,4.303479194641113,20113.10841816019
6,NFLIKFLLI,HLA-B*07:02,4.500698566436768,31673.68304256972
6,NFLIKFLLI,HLA-B*44:02,3.190464973449707,1550.4757333832956
6,IMLEGETKL,HLA-A*02:01,1.6413283348083496,43.78530051781384
6,IMLEGETKL,HLA-A*24:02,4.567477703094482,36938.36795204326
6,IMLEGETKL,HLA-A*03:01,4.459415912628174,28801.55344921057
6,IMLEGETKL,HLA-A*11:01,4.554619312286377,35860.74537844021
6,IMLEGETKL,HLA-A*01:01,4.39491605758667,24826.532004123008
6,IMLEGETKL,HLA-B*07:02,4.588104724884033,38735.10386988242
6,IMLEGETKL,HLA-B*44:02,4.651265621185303,44798.72162756592
7,SLLQHLIGL,HLA-A*02:01,1.8481881618499756,70.49984494991511
7,SLLQHLIGL,HLA-A*24:02,4.524655818939209,33470.008213967965
7,SLLQHLIGL,HLA-A*03:01,4.409812927246094,25692.888208130946
7,SLLQHLIGL,HLA-A*11:01,4.533538818359375,34161.64838826747
7,SLLQHLIGL,HLA-A*01:01,4.368130207061768,23341.577678534588
7,SLLQHLIGL,HLA-B*07:02,4.570341110229492,37182.71606239176
7,SLLQHLIGL,HLA-B*44:02,4.60556697845459,40324.31312519439
7,FLRYLLFGI,HLA-A*02:01,2.3541526794433594,226.02302312502124
7,FLRYLLFGI,HLA-A*24:02,4.4499359130859375,28179.67065656813
7,FLRYLLFGI,HLA-A*03:01,4.3526129722595215,22522.31209492862
7,FLRYLLFGI,HLA-A*11:01,4.540074348449707,34679.62146745462
7,FLRYLLFGI,HLA-A*01:01,4.460826873779297,28895.277775892308
7,FLRYLLFGI,HLA-B*07:02,4.174973011016846,14961.426762711306
7,FLRYLLFGI,HLA-B*44:02,4.541460037231445,34790.4492813549
7,NFLIKFLLI,HLA-A*02:01,4.132595062255859,13570.475404810579
7,NFLIKFLLI,HLA-A*24:02,1.1315808296203613,13.538820477958987
7,NFLIKFLLI,HLA-A*03:01,4.520403861999512,33143.91923465175
7,NFLIKFLLI,HLA-A*11:01,4.507776737213135,32194.13324757572
7,NFLIKFLLI,HLA-A*01:01,4.299038887023926,19908.515932151906
7,NFLIKFLLI,HLA-B*07:02,4.542664527893066,34887.072510550795
7,NFLIKFLLI,HLA-B*44:02,3.086592674255371,1220.6542688073173
7,IMLEGETKL,HLA-A*02:01,2.664963483810425,462.342145281964
7,IMLEGETKL,HLA-A*24:02,4.646416664123535,44301.31974397977
7,IMLEGETKL,HLA-A*03:01,4.523970603942871,33417.24201577371
7,IMLEGETKL,HLA-A*11:01,4.599254608154297,39742.447404223225
7,IMLEGETKL,HLA-A*01:01,4.466626167297363,29283.7147175256
7,IMLEGETKL,HLA-B*07:02,4.658528804779053,45554.239922061424
7,IMLEGETKL,HLA-B*44:02,4.668413162231445,46602.92355097911
8,SLLQHLIGL,HLA-A*02:01,1.6599102020263672,45.69936884140662
8,SLLQHLIGL,HLA-A*24:02,4.502892017364502,31834.05903797733
8,SLLQHLIGL,HLA-A*03:01,4.429623126983643,26892.00151093456
8,SLLQHLIGL,HLA-A*11:01,4.548943996429443,35395.16950121736
8,SLLQHLIGL,HLA-A*01:01,4.5234785079956055,33379.3986237868
8,SLLQHLIGL,HLA-B*07:02,4.5887932777404785,38796.565209194014
8,SLLQHLIGL,HLA-B*44:02,4.655491828918457,45236.79511256045
8,FLRYLLFGI,HLA-A*02:01,1.8487043380737305,70.58368662765393
8,FLRYLLFGI,HLA-A*24:02,4.500558853149414,31663.495202662984
8,FLRYLLFGI,HLA-A*03:01,4.390009880065918,24547.647601932607
8,FLRYLLFGI,HLA-A*11:01,4.572171211242676,37339.73326371576
8,FLRYLLFGI,HLA-A*01:01,4.28985071182251,19491.744583359163
8,FLRYLLFGI,HLA-B*07:02,4.545474529266357,35113.53303408727
8,FLRYLLFGI,HLA-B*44:02,4.594760894775391,39333.346211151584
8,NFLIKFLLI,HLA-A*02:01,3.701108932495117,5024.686060787165
8,NFLIKFLLI,HLA-A*24:02,0.7441062927246094,5.547614731286945
8,NFLIKFLLI,HLA-A*03:01,4.383768081665039,24197.365340362354
8,NFLIKFLLI,HLA-A*11:01,4.354331970214844,22611.63519832133
8,NFLIKFLLI,HLA-A*01:01,4.254637718200684,17973.7095029787
8,NFLIKFLLI,HLA-B*07:02,4.229703903198242,16970.86204791334
8,NFLIKFLLI,HLA-B*44:02,2.830514669418335,676.8846560619288
8,IMLEGETKL,HLA-A*02:01,1.9079484939575195,80.89999484849676
8,IMLEGETKL,HLA-A*24:02,4.595508575439453,39401.120758678255
8,IMLEGETKL,HLA-A*03:01,4.456446647644043,28605.309275666168
8,IMLEGETKL,HLA-A*11:01,4.596087455749512,39453.674363886064
8,IMLEGETKL,HLA-A*01:01,4.420164585113525,26312.649766910363
8,IMLEGETKL,HLA-B*07:02,4.64886474609375,44551.7477665148
8,IMLEGETKL,HLA-B*44:02,4.671924114227295,46981.200955988716
9,SLLQHLIGL,HLA-A*02:01,1.4635918140411377,29.07982670040593
9,SLLQHLIGL,HLA-A*24:02,4.525854587554932,33562.52198718625
9,SLLQHLIGL,HLA-A*03:01,4.438455581665039,27444.516348550565
9,SLLQHLIGL,HLA-A*11:01,4.577535152435303,37803.77349947963
9,SLLQHLIGL,HLA-A*01:01,4.503782749176025,31899.41724219938
9,SLLQHLIGL,HLA-B*07:02,4.584139347076416,38383.0380977332
9,SLLQHLIGL,HLA-B*44:02,4.632181644439697,42872.77990677124
9,FLRYLLFGI,HLA-A*02:01,0.9987330436706543,9.970869763536882
9,FLRYLLFGI,HLA-A*24:02,4.408044338226318,25588.471127693927
9,FLRYLLFGI,HLA-A*03:01,4.325350284576416,21151.943832880243
9,FLRYLLFGI,HLA-A*11:01,4.555464744567871,35930.6227583257
9,FLRYLLFGI,HLA-A*01:01,4.15887451171875,14416.987161733254
9,FLRYLLFGI,HLA-B*07:02,4.4940900802612305,31195.365633654128
9,FLRYLLFGI,HLA-B*44:02,4.540062427520752,34678.66956120875
9,NFLIKFLLI,HLA-A*02:01,4.181046962738037,15172.144236335667
9,NFLIKFLLI,HLA-A*24:02,0.7516000270843506,5.644169233744507
9,NFLIKFLLI,HLA-A*03:01,4.482176303863525,30351.230564472084
9,NFLIKFLLI,HLA-A*11:01,4.507702350616455,32188.619461369883
9,NFLIKFLLI,HLA-A*01:01,4.329532146453857,21356.601616456464
9,NFLIKFLLI,HLA-B*07:02,4.427037239074707,26732.356184672855
9,NFLIKFLLI,HLA-B*44:02,3.2145144939422607,1638.7567514784644
9,IMLEGETKL,HLA-A*02:01,1.5263795852661133,33.60311863850672
9,IMLEGETKL,HLA-A*24:02,4.544440269470215,35030.01065936538
9,IMLEGETKL,HLA-A*03:01,4.42556095123291,26641.639736897712
9,IMLEGETKL,HLA-A*11:01,4.564406871795654,36678.10350911069
9,IMLEGETKL,HLA-A*01:01,4.3880462646484375,24436.90861036911
9,IMLEGETKL,HLA-B*07:02,4.653689861297607,45049.48819007876
9,IMLEGETKL,HLA-B*44:02,4.668605327606201,46623.548841488984
10,SLLQHLIGL,HLA-A*02:01,0.9741697311401367,9.422577781269604
10,SLLQHLIGL,HLA-A*24:02,4.52507209777832,33502.105181168976
10,SLLQHLIGL,HLA-A*03:01,4.434191703796387,27176.386086712395
10,SLLQHLIGL,HLA-A*11:01,4.550143718719482,35493.08251359053
10,SLLQHLIGL,HLA-A*01:01,4.4881415367126465,30770.994790667308
10,SLLQHLIGL,HLA-B*07:02,4.5569305419921875,36052.0979218422
10,SLLQHLIGL,HLA-B*44:02,4.622619152069092,41939.10440968169
10,FLRYLLFGI,HLA-A*02:01,1.5810353755950928,38.10968644957789
10,FLRYLLFGI,HLA-A*24:02,4.5143046379089355,32681.69991104653
10,FLRYLLFGI,HLA-A*03:01,4.528987407684326,33805.50341992838
10,FLRYLLFGI,HLA-A*11:01,4.621340274810791,41815.78699149344
10,FLRYLLFGI,HLA-A*01:01,4.509376525878906,32312.943845456495
10,FLRYLLFGI,HLA-B*07:02,4.499939441680908,31618.367407540165
10,FLRYLLFGI,HLA-B*44:02,4.579547882080078,37979.38099043624
10,NFLIKFLLI,HLA-A*02:01,4.11573600769043,13053.771541486401
10,NFLIKFLLI,HLA-A*24:02,0.2737541198730469,1.878253124092536
10,NFLIKFLLI,HLA-A*03:01,4.555037975311279,35895.33206485098
10,NFLIKFLLI,HLA-A*11:01,4.433909893035889,27158.757233294324
10,NFLIKFLLI,HLA-A*01:01,4.510716438293457,32412.791703790364
10,NFLIKFLLI,HLA-B*07:02,4.22076940536499,16625.296729550162
10,NFLIKFLLI,HLA-B*44:02,2.2063486576080322,160.82318456274336
10,IMLEGETKL,HLA-A*02:01,1.814720630645752,65.27105473429192
10,IMLEGETKL,HLA-A*24:02,4.6035919189453125,40141.34489079154
10,IMLEGETKL,HLA-A*03:01,4.606635570526123,40423.65423794081
10,IMLEGETKL,HLA-A*11:01,4.641064167022705,43758.67538381943
10,IMLEGETKL,HLA-A*01:01,4.556714057922363,36034.13140300571
10,IMLEGETKL,HLA-B*07:02,4.641510963439941,43803.71689520687
10,IMLEGETKL,HLA-B*44:02,4.644237041473389,44079.53875813554
11,SLLQHLIGL,HLA-A*02:01,1.0406036376953125,10.980032805996592
11,SLLQHLIGL,HLA-A*24:02,4.355474472045898,22671.198112763166
11,SLLQHLIGL,HLA-A*03:01,4.378997325897217,23933.010199698845
11,SLLQHLIGL,HLA-A*11:01,4.534979343414307,34275.148368268245
11,SLLQHLIGL,HLA-A*01:01,4.462279796600342,28992.10818610379
11,SLLQHLIGL,HLA-B*07:02,4.4913763999938965,31001.04974547491
11,SLLQHLIGL,HLA-B*44:02,4.562837600708008,36545.81073162265
11,FLRYLLFGI,HLA-A*02:01,1.6365625858306885,43.30744732575089
11,FLRYLLFGI,HLA-A*24:02,4.486548900604248,30658.358663727886
11,FLRYLLFGI,HLA-A*03:01,4.467571258544922,29347.509950609277
11,FLRYLLFGI,HLA-A*11:01,4.618228435516357,41517.23626425153
11,FLRYLLFGI,HLA-A*01:01,4.375167369842529,23722.8776961755
11,FLRYLLFGI,HLA-B*07:02,4.530579090118408,33929.627374605545
11,FLRYLLFGI,HLA-B*44:02,4.55997371673584,36305.60821499947
11,NFLIKFLLI,HLA-A*02:01,3.8654375076293945,7335.6315148676495
11,NFLIKFLLI,HLA-A*24:02,0.8438441753387451,6.979819235491273
11,NFLIKFLLI,HLA-A*03:01,4.311010837554932,20464.957051444137
11,NFLIKFLLI,HLA-A*11:01,4.197897434234619,15772.387349132021
11,NFLIKFLLI,HLA-A*01:01,4.039370059967041,10948.889177992534
11,NFLIKFLLI,HLA-B*07:02,4.3447980880737305,22120.66038103052
11,NFLIKFLLI,HLA-B*44:02,2.9316020011901855,854.2834663576954
11,IMLEGETKL,HLA-A*02:01,0.9727656841278076,9.392164362970055
11,IMLEGETKL,HLA-A*24:02,4.49503231048584,31263.119487124855
11,IMLEGETKL,HLA-A*03:01,4.374008655548096,23659.66851057021
11,IMLEGETKL,HLA-A*11:01,4.544764041900635,35056.13574482538
11,IMLEGETKL,HLA-A*01:01,4.42324161529541,26499.74014534279
11,IMLEGETKL,HLA-B*07:02,4.632458209991455,42900.090661871145
11,IMLEGETKL,HLA-B*44:02,4.658988952636719,45602.53156625209
12,SLLQHLIGL,HLA-A*02:01,1.6774883270263672,47.587000037587934
12,SLLQHLIGL,HLA-A*24:02,4.407346725463867,25547.40103487013
12,SLLQHLIGL,HLA-A*03:01,4.420139312744141,26311.118631507514
12,SLLQHLIGL,HLA-A*11:01,4.579061985015869,37936.912686195305
12,SLLQHLIGL,HLA-A*01:01,4.490560054779053,30942.83167179242
12,SLLQHLIGL,HLA-B*07:02,4.581210613250732,38125.06679610825
12,SLLQHLIGL,HLA-B*44:02,4.616100788116455,41314.33703755015
12,FLRYLLFGI,HLA-A*02:01,2.068655490875244,117.12658767188015
12,FLRYLLFGI,HLA-A*24:02,4.411771774291992,25809.035458678456
12,FLRYLLFGI,HLA-A*03:01,4.467159748077393,29319.715243943465
12,FLRYLLFGI,HLA-A*11:01,4.635344505310059,43186.151634259426
12,FLRYLLFGI,HLA-A*01:01,4.256584167480469,18054.446034217697
12,FLRYLLFGI,HLA-B*07:02,4.5521321296691895,35655.95965487096
12,FLRYLLFGI,HLA-B*44:02,4.563418388366699,36594.71661354323
12,NFLIKFLLI,HLA-A*02:01,4.332939624786377,21524.824778181162
12,NFLIKFLLI,HLA-A*24:02,1.0617456436157227,11.52777904313986
12,NFLIKFLLI,HLA-A*03:01,4.484604358673096,30521.393540171834
12,NFLIKFLLI,HLA-A*11:01,4.524921417236328,33490.48348219671
12,NFLIKFLLI,HLA-A*01:01,4.396461486816406,24915.034152269378
12,NFLIKFLLI,HLA-B*07:02,4.498959064483643,31547.07254510458
12,NFLIKFLLI,HLA-B*44:02,3.2502174377441406,1779.1699621670996
12,IMLEGETKL,HLA-A*02:01,3.0136427879333496,1031.9122972076984
12,IMLEGETKL,HLA-A*24:02,4.619117259979248,41602.29219695585
12,IMLEGETKL,HLA-A*03:01,4.582703113555908,38256.31313402982
12,IMLEGETKL,HLA-A*11:01,4.658518314361572,45553.13956909104
12,IMLEGETKL,HLA-A*01:01,4.512098789215088,32516.125359068534
12,IMLEGETKL,HLA-B*07:02,4.672504901885986,47044.07155648826
12,IMLEGETKL,HLA-B*44:02,4.678715229034424,47721.62558691733
13,SLLQHLIGL,HLA-A*02:01,1.8027827739715576,63.501323058807664
13,SLLQHLIGL,HLA-A*24:02,4.452754020690918,28363.121194452688
13,SLLQHLIGL,HLA-A*03:01,4.50220251083374,31783.557874657636
13,SLLQHLIGL,HLA-A*11:01,4.6071906089782715,40475.349635475875
13,SLLQHLIGL,HLA-A*01:01,4.568172454833984,36997.50647274075
13,SLLQHLIGL,HLA-B*07:02,4.547342300415039,35264.87107261729
13,SLLQHLIGL,HLA-B*44:02,4.594535827636719,39312.96752670877
13,FLRYLLFGI,HLA-A*02:01,1.1484713554382324,14.075743865629084
13,FLRYLLFGI,HLA-A*24:02,4.402797222137451,25281.173092744008
13,FLRYLLFGI,HLA-A*03:01,4.378161430358887,23886.990143889063
13,FLRYLLFGI,HLA-A*11:01,4.578495025634766,37887.41941367417
13,FLRYLLFGI,HLA-A*01:01,4.146729946136475,14019.416752895078
13,FLRYLLFGI,HLA-B*07:02,4.502298831939697,31790.607853627327
13,FLRYLLFGI,HLA-B*44:02,4.458284378051758,28726.609981209644
13,NFLIKFLLI,HLA-A*02:01,4.211291790008545,16266.412823227109
13,NFLIKFLLI,HLA-A*24:02,0.8474957942962646,7.038754115804937
13,NFLIKFLLI,HLA-A*03:01,4.433589935302734,27138.755933293032
13,NFLIKFLLI,HLA-A*11:01,4.425278663635254,26624.328531809264
13,NFLIKFLLI,HLA-A*01:01,4.369290828704834,23404.03983886625
13,NFLIKFLLI,HLA-B*07:02,4.396411895751953,24912.189325600735
13,NFLIKFLLI,HLA-B*44:02,2.5661709308624268,368.2738914119684
13,IMLEGETKL,HLA-A*02:01,1.6638784408569336,46.118846971544535
13,IMLEGETKL,HLA-A*24:02,4.56378698348999,36625.78852514188
13,IMLEGETKL,HLA-A*03:01,4.499996185302734,31622.498839025804
13,IMLEGETKL,HLA-A*11:01,4.625640392303467,42231.87779621051
13,IMLEGETKL,HLA-A*01:01,4.403210639953613,25305.250450436615
13,IMLEGETKL,HLA-B*07:02,4.6340436935424805,43056.9927134775
13,IMLEGETKL,HLA-B*44:02,4.640231609344482,43674.86883168607
14,SLLQHLIGL,HLA-A*02:01,1.5378153324127197,34.499701098604284
14,SLLQHLIGL,HLA-A*24:02,4.618992805480957,41590.37205791206
14,SLLQHLIGL,HLA-A*03:01,4.543914318084717,34987.61331911076
14,SLLQHLIGL,HLA-A*11:01,4.629042148590088,42563.9719768524
14,SLLQHLIGL,HLA-A*01:01,4.604501247406006,40225.48113768142
14,SLLQHLIGL,HLA-B*07:02,4.635505676269531,43202.181414679304
14,SLLQHLIGL,HLA-B*44:02,4.668229103088379,46583.17686497891
14,FLRYLLFGI,HLA-A*02:01,1.7479400634765625,55.968035526930976
14,FLRYLLFGI,HLA-A*24:02,4.627505302429199,42413.616228216
14,FLRYLLFGI,HLA-A*03:01,4.50400447845459,31915.70766481512
14,FLRYLLFGI,HLA-A*11:01,4.6342573165893555,43078.17702250954
14,FLRYLLFGI,HLA-A*01:01,4.490615367889404,30946.772899076284
14,FLRYLLFGI,HLA-B*07:02,4.61310338973999,41030.17693074227
14,FLRYLLFGI,HLA-B*44:02,4.640520095825195,43703.890141867094
14,NFLIKFLLI,HLA-A*02:01,4.308441162109375,20344.225551374682
14,NFLIKFLLI,HLA-A*24:02,1.8458786010742188,70.12592470711891
14,NFLIKFLLI,HLA-A*03:01,4.520232200622559,33130.82119458305
14,NFLIKFLLI,HLA-A*11:01,4.580790996551514,38088.24802630232
14,NFLIKFLLI,HLA-A*01:01,4.378772735595703,23920.63672363668
14,NFLIKFLLI,HLA-B*07:02,4.528708457946777,33783.79693074722
14,NFLIKFLLI,HLA-B*44:02,3.1898365020751953,1548.233648938272
14,IMLEGETKL,HLA-A*02:01,1.6443676948547363,44.09280166477002
14,IMLEGETKL,HLA-A*24:02,4.630885124206543,42744.98058973635
14,IMLEGETKL,HLA-A*03:01,4.546853542327881,35225.20606066962
14,IMLEGETKL,HLA-A*11:01,4.637945652008057,43445.58525835767
14,IMLEGETKL,HLA-A*01:01,4.621098518371582,41792.51609356306
14,IMLEGETKL,HLA-B*07:02,4.635593414306641,43210.91018666213
14,IMLEGETKL,HLA-B*44:02,4.668262004852295,46586.70609873575
15,SLLQHLIGL,HLA-A*02:01,1.9622251987457275,91.66957096299129
15,SLLQHLIGL,HLA-A*24:02,4.5584635734558105,36179.58437546318
15,SLLQHLIGL,HLA-A*03:01,4.583810329437256,38353.97046132887
15,SLLQHLIGL,HLA-A*11:01,4.661535739898682,45870.73931836435
15,SLLQHLIGL,HLA-A*01:01,4.6388678550720215,43537.93784942825
15,SLLQHLIGL,HLA-B*07:02,4.618780136108398,41570.010682390784
15,SLLQHLIGL,HLA-B*44:02,4.659604549407959,45667.21734476806
15,FLRYLLFGI,HLA-A*02:01,2.8663203716278076,735.0559064043425
15,FLRYLLFGI,HLA-A*24:02,4.420113563537598,26309.558698391782
15,FLRYLLFGI,HLA-A*03:01,4.580605983734131,38072.02559294317
15,FLRYLLFGI,HLA-A*11:01,4.671858787536621,46974.134562809915
15,FLRYLLFGI,HLA-A*01:01,4.574364185333252,37528.757437740926
15,FLRYLLFGI,HLA-B*07:02,4.494184494018555,31202.148109534508
15,FLRYLLFGI,HLA-B*44:02,4.534876823425293,34267.05829743553
15,NFLIKFLLI,HLA-A*02:01,4.334731578826904,21613.822413065078
15,NFLIKFLLI,HLA-A*24:02,0.8277840614318848,6.726421240731328
15,NFLIKFLLI,HLA-A*03:01,4.398326873779297,25022.279667501716
15,NFLIKFLLI,HLA-A*11:01,4.2900710105896,19501.634408685488
15,NFLIKFLLI,HLA-A*01:01,4.338854789733887,21820.002184618515
15,NFLIKFLLI,HLA-B*07:02,4.447298049926758,28009.02878713754
15,NFLIKFLLI,HLA-B*44:02,2.6642651557922363,461.59931513233016
15,IMLEGETKL,HLA-A*02:01,2.3304290771484375,214.00754112906998
15,IMLEGETKL,HLA-A*24:02,4.6083526611328125,40583.795519546096
15,IMLEGETKL,HLA-A*03:01,4.641064643859863,43758.7234290393
15,IMLEGETKL,HLA-A*11:01,4.680398941040039,47906.99618636028
15,IMLEGETKL,HLA-A*01:01,4.650853633880615,44756.24410629338
15,IMLEGETKL,HLA-B*07:02,4.672449111938477,47038.028611388254
15,IMLEGETKL,HLA-B*44:02,4.685450553894043,48467.492736843
16,SLLQHLIGL,HLA-A*02:01,1.8464205265045166,70.21348451737715
16,SLLQHLIGL,HLA-A*24:02,4.577465057373047,37797.67246864562
16,SLLQHLIGL,HLA-A*03:01,4.526240348815918,33592.34707862582
16,SLLQHLIGL,HLA-A*11:01,4.598525047302246,39675.741067810086
16,SLLQHLIGL,HLA-A*01:01,4.641787052154541,43831.57254915783
16,SLLQHLIGL,HLA-B*07:02,4.555240631103516,35912.08589147866
16,SLLQHLIGL,HLA-B*44:02,4.642544746398926,43908.1102886385
16,FLRYLLFGI,HLA-A*02:01,1.9668395519256592,92.64874736599064
16,FLRYLLFGI,HLA-A*24:02,4.5726237297058105,37378.660133498655
16,FLRYLLFGI,HLA-A*03:01,4.439368724822998,27502.281616381042
16,FLRYLLFGI,HLA-A*11:01,4.60208797454834,40002.57743287974
16,FLRYLLFGI,HLA-A*01:01,4.428499221801758,26822.49801367481
16,FLRYLLFGI,HLA-B*07:02,4.519166469573975,33049.61993775242
16,FLRYLLFGI,HLA-B*44:02,4.552478790283203,35684.432158837204
16,NFLIKFLLI,HLA-A*02:01,4.105600357055664,12752.64754919556
16,NFLIKFLLI,HLA-A*24:02,0.7911403179168701,6.182161097551329
16,NFLIKFLLI,HLA-A*03:01,4.214039325714111,16369.647431890236
16,NFLIKFLLI,HLA-A*11:01,4.405317306518555,25428.298827594404
16,NFLIKFLLI,HLA-A*01:01,4.205474376678467,16049.975606427672
16,NFLIKFLLI,HLA-B*07:02,4.192010879516602,15560.046106081734
16,NFLIKFLLI,HLA-B*44:02,2.4104974269866943,257.33415184078973
16,IMLEGETKL,HLA-A*02:01,2.0266313552856445,106.32401187696236
16,IMLEGETKL,HLA-A*24:02,4.628238201141357,42485.252248469886
16,IMLEGETKL,HLA-A*03:01,4.583348751068115,38313.22861580696
16,IMLEGETKL,HLA-A*11:01,4.65028715133667,44697.903270870054
16,IMLEGETKL,HLA-A*01:01,4.620680332183838,41752.29306057241
16,IMLEGETKL,HLA-B*07:02,4.617705345153809,41467.26051384877
16,IMLEGETKL,HLA-B*44:02,4.656527996063232,45344.85276334479
17,SLLQHLIGL,HLA-A*02:01,1.2956171035766602,19.75227409805259
17,SLLQHLIGL,HLA-A*24:02,4.199034690856934,15813.74352273925
17,SLLQHLIGL,HLA-A*03:01,4.509515762329102,32323.30515807169
17,SLLQHLIGL,HLA-A*11:01,4.604979515075684,40269.803930305956
17,SLLQHLIGL,HLA-A*01:01,4.585000038146973,38459.1815826609
17,SLLQHLIGL,HLA-B*07:02,4.561441898345947,36428.55112345856
17,SLLQHLIGL,HLA-B*44:02,4.577804088592529,37827.19067500223
17,FLRYLLFGI,HLA-A*02:01,1.8630554676055908,72.95506817018325
17,FLRYLLFGI,HLA-A*24:02,4.49973201751709,31603.26970827028
17,FLRYLLFGI,HLA-A*03:01,4.545629501342773,35126.06505636798
17,FLRYLLFGI,HLA-A*11:01,4.646938800811768,44354.61366298441
17,FLRYLLFGI,HLA-A*01:01,4.5166754722595215,32860.59873848992
17,FLRYLLFGI,HLA-B*07:02,4.577922344207764,37837.49218001794
17,FLRYLLFGI,HLA-B*44:02,4.549928188323975,35475.472480479446
17,NFLIKFLLI,HLA-A*02:01,4.19796895980835,15774.98517619233
17,NFLIKFLLI,HLA-A*24:02,0.3848910331726074,2.4260013218997742
17,NFLIKFLLI,HLA-A*03:01,4.424104690551758,26552.455554174358
17,NFLIKFLLI,HLA-A*11:01,4.367846965789795,23326.35956503387
17,NFLIKFLLI,HLA-A*01:01,4.396235942840576,24902.098282336174
17,NFLIKFLLI,HLA-B*07:02,4.29315185546875,19640.469056990085
17,NFLIKFLLI,HLA-B*44:02,2.593602180480957,392.2854320988928
17,IMLEGETKL,HLA-A*02:01,2.0673041343688965,116.76270144862505
17,IMLEGETKL,HLA-A*24:02,4.633315086364746,42984.81741727336
17,IMLEGETKL,HLA-A*03:01,4.615796089172363,41285.36126089377
17,IMLEGETKL,HLA-A*11:01,4.663584232330322,46087.61479228311
17,IMLEGETKL,HLA-A*01:01,4.624768257141113,42147.1542973061
17,IMLEGETKL,HLA-B*07:02,4.661106109619141,45825.3836560487
17,IMLEGETKL,HLA-B*44:02,4.667859077453613,46543.504179027055
18,SLLQHLIGL,HLA-A*02:01,1.727102518081665,53.34608075738386
18,SLLQHLIGL,HLA-A*24:02,4.346241474151611,22194.301127426334
18,SLLQHLIGL,HLA-A*03:01,4.5842132568359375,38389.570813764876
18,SLLQHLIGL,HLA-A*11:01,4.652270317077637,44902.47886053804
18,SLLQHLIGL,HLA-A*01:01,4.573549270629883,37458.404111683194
18,SLLQHLIGL,HLA-B*07:02,4.610366344451904,40772.40640460479
18,SLLQHLIGL,HLA-B*44:02,4.656736373901367,45366.61479340563
18,FLRYLLFGI,HLA-A*02:01,1.6229193210601807,41.96810125550458
18,FLRYLLFGI,HLA-A*24:02,4.558162689208984,36154.527421271785
18,FLRYLLFGI,HLA-A*03:01,4.621774196624756,41857.58777535308
18,FLRYLLFGI,HLA-A*11:01,4.680240631103516,47889.536209976926
18,FLRYLLFGI,HLA-A*01:01,4.532739162445068,34098.80524575169
18,FLRYLLFGI,HLA-B*07:02,4.575469970703125,37624.43359494514
18,FLRYLLFGI,HLA-B*44:02,4.603738307952881,40154.87774087489
18,NFLIKFLLI,HLA-A*02:01,4.310924530029297,20460.890445986814
18,NFLIKFLLI,HLA-A*24:02,1.2355260848999023,17.199906454208524
18,NFLIKFLLI,HLA-A*03:01,4.469727516174316,29493.581680049738
18,NFLIKFLLI,HLA-A*11:01,4.361459255218506,22985.780504018097
18,NFLIKFLLI,HLA-A*01:01,4.256758213043213,18061.682888656702
18,NFLIKFLLI,HLA-B*07:02,4.45790433883667,28701.483106545347
18,NFLIKFLLI,HLA-B*44:02,3.2199902534484863,1659.5496629676088
18,IMLEGETKL,HLA-A*02:01,2.1632513999938965,145.63018459050457
18,IMLEGETKL,HLA-A*24:02,4.614640235900879,41175.628404059506
18,IMLEGETKL,HLA-A*03:01,4.6517653465271,44850.29939863816
18,IMLEGETKL,HLA-A*11:01,4.680861949920654,47958.09790138204
18,IMLEGETKL,HLA-A*01:01,4.596372127532959,39479.54397560083
18,IMLEGETKL,HLA-B*07:02,4.661185264587402,45833.7365997735
18,IMLEGETKL,HLA-B*44:02,4.6790995597839355,47763.875734483736
19,SLLQHLIGL,HLA-A*02:01,0.8525345325469971,7.120894189173303
19,SLLQHLIGL,HLA-A*24:02,4.534523010253906,34239.152809936866
19,SLLQHLIGL,HLA-A*03:01,4.446413993835449,27952.071196959318
19,SLLQHLIGL,HLA-A*11:01,4.639515399932861,43602.9025165442
19,SLLQHLIGL,HLA-A*01:01,4.566521167755127,36857.10057709556
19,SLLQHLIGL,HLA-B*07:02,4.604154109954834,40193.341213397165
19,SLLQHLIGL,HLA-B*44:02,4.648861408233643,44551.40535615427
19,FLRYLLFGI,HLA-A*02:01,1.6473503112792969,44.396661256754705
19,FLRYLLFGI,HLA-A*24:02,4.581526279449463,38152.78800880705
19,FLRYLLFGI,HLA-A*03:01,4.467385768890381,29334.97813782874
19,FLRYLLFGI,HLA-A*11:01,4.653007507324219,44978.762996878024
19,FLRYLLFGI,HLA-A*01:01,4.584327697753906,38399.688180672354
19,FLRYLLFGI,HLA-B*07:02,4.393614768981934,24752.254912344735
19,FLRYLLFGI,HLA-B*44:02,4.6046223640441895,40236.70083920293
19,NFLIKFLLI,HLA-A*02:01,4.165454387664795,14637.078016876503
19,NFLIKFLLI,HLA-A*24:02,1.6120312213897705,40.929008249822914
19,NFLIKFLLI,HLA-A*03:01,4.548670291900635,35372.86950324774
19,NFLIKFLLI,HLA-A*11:01,4.4678635597229,29367.268891935608
19,NFLIKFLLI,HLA-A*01:01,4.457218647003174,28656.203128893558
19,NFLIKFLLI,HLA-B*07:02,4.459412097930908,28801.300467122972
19,NFLIKFLLI,HLA-B*44:02,3.2333853244781494,1711.5331864417155
19,IMLEGETKL,HLA-A*02:01,0.8835034370422363,7.647217404856139
19,IMLEGETKL,HLA-A*24:02,4.589524745941162,38861.96407289166
19,IMLEGETKL,HLA-A*03:01,4.572737216949463,37388.428978331474
19,IMLEGETKL,HLA-A*11:01,4.648695468902588,44534.38598674243
19,IMLEGETKL,HLA-A*01:01,4.616714000701904,41372.71301679439
19,IMLEGETKL,HLA-B*07:02,4.649786472320557,44646.40271522639
19,IMLEGETKL,HLA-B*44:02,4.663625240325928,46091.96679309278
20,SLLQHLIGL,HLA-A*02:01,1.4104950428009033,25.733273913404386
20,SLLQHLIGL,HLA-A*24:02,4.331367015838623,21447.022916585487
20,SLLQHLIGL,HLA-A*03:01,4.350202560424805,22397.655498922824
20,SLLQHLIGL,HLA-A*11:01,4.589946269989014,38899.70161145079
20,SLLQHLIGL,HLA-A*01:01,4.570235252380371,37173.65400232362
20,SLLQHLIGL,HLA-B*07:02,4.519863128662109,33102.6779335953
20,SLLQHLIGL,HLA-B*44:02,4.632973670959473,42951.038697010605
20,FLRYLLFGI,HLA-A*02:01,1.997035264968872,99.31966933057844
20,FLRYLLFGI,HLA-A*24:02,4.537085056304932,34441.73780882557
20,FLRYLLFGI,HLA-A*03:01,4.421414375305176,26388.48000695473
20,FLRYLLFGI,HLA-A*11:01,4.652799606323242,44957.23637759568
20,FLRYLLFGI,HLA-A*01:01,4.557429313659668,36093.5262507921
20,FLRYLLFGI,HLA-B*07:02,4.2562408447265625,18040.179095571475
20,FLRYLLFGI,HLA-B*44:02,4.502964496612549,31839.372255854065
20,NFLIKFLLI,HLA-A*02:01,4.171185493469238,14831.514253571206
20,NFLIKFLLI,HLA-A*24:02,1.6046595573425293,40.24014688736822
20,NFLIKFLLI,HLA-A*03:01,4.504054546356201,31919.387298547084
20,NFLIKFLLI,HLA-A*11:01,4.405311584472656,25427.963799311645
20,NFLIKFLLI,HLA-A*01:01,4.383864879608154,24202.75918333785
20,NFLIKFLLI,HLA-B*07:02,4.460542678833008,28876.375381360125
20,NFLIKFLLI,HLA-B*44:02,3.3688364028930664,2337.9563733392984
20,IMLEGETKL,HLA-A*02:01,1.55424165725708,35.82957504416059
20,IMLEGETKL,HLA-A*24:02,4.650156021118164,44684.409290890886
20,IMLEGETKL,HLA-A*03:01,4.599796295166016,39792.04830812698
20,IMLEGETKL,HLA-A*11:01,4.660361289978027,45746.8599909162
20,IMLEGETKL,HLA-A*01:01,4.615039348602295,41213.48582684973
20,IMLEGETKL,HLA-B*07:02,4.673155784606934,47114.629971266186
20,IMLEGETKL,HLA-B*44:02,4.677140712738037,47548.926095976894
