epoch,peptide,allele,kd_log10,kd_nM,ic50_log10,ic50_nM,probe_kd_log10,probe_kd_nM,binding_prob,presentation_prob,processing_prob
1,SLLQHLIGL,HLA-A*02:01,2.3094005584716797,203.8921748981008,2.0846757888793945,121.527842778591,0.6496725082397461,4.463468850072473,0.8525982160971562,,
1,SLLQHLIGL,HLA-A*24:02,2.309443950653076,203.91254763735634,2.0845017433166504,121.47914967984174,0.6499557495117188,4.4663808164844605,0.8526606996793707,,
1,FLRYLLFGI,HLA-A*02:01,2.3092031478881836,203.7995158193893,2.0841169357299805,121.37156048232868,0.6500000953674316,4.466836902389504,0.8527987705392129,,
1,FLRYLLFGI,HLA-A*24:02,2.3091821670532227,203.7896704704336,2.083853006362915,121.29782298682413,0.6501893997192383,4.468784373560951,0.8528934077931467,,
1,NFLIKFLLI,HLA-A*02:01,2.3073410987854004,202.92759053040564,2.0850207805633545,121.62441953413155,0.6456089019775391,4.421899847974658,0.8524742968767341,,
1,NFLIKFLLI,HLA-A*24:02,2.307544469833374,203.0226395416715,2.084995985031128,121.61747572929113,0.646216869354248,4.428094385464207,0.8524832061756905,,
1,IMLEGETKL,HLA-A*02:01,2.3106777667999268,204.49268006647983,2.088395595550537,122.57322010769629,0.6534790992736816,4.502763109036021,0.8512575336556883,,
1,IMLEGETKL,HLA-A*24:02,2.31060528755188,204.45855520513962,2.088132381439209,122.49895430958709,0.6536383628845215,4.504414656198219,0.85135273045411,,
2,SLLQHLIGL,HLA-A*02:01,3.4685394763946533,2941.3010392662122,3.207118511199951,1611.0852115511075,2.511359214782715,324.6079969543052,0.18971657026378008,,
2,SLLQHLIGL,HLA-A*24:02,3.469677686691284,2949.019788016047,3.2078335285186768,1613.739867961621,2.5135321617126465,326.23620894831066,0.18940272514033818,,
2,FLRYLLFGI,HLA-A*02:01,3.4593605995178223,2879.788542642054,3.199594736099243,1583.4149318918396,2.495163917541504,312.72594787306497,0.1930431627251789,,
2,FLRYLLFGI,HLA-A*24:02,3.4604268074035645,2886.867208160394,3.2002248764038086,1585.7140579914746,2.4972171783447266,314.20795658850443,0.1927628557645898,,
2,NFLIKFLLI,HLA-A*02:01,3.453157424926758,2838.947915971092,3.1986215114593506,1579.8705786455732,2.483250617980957,304.2640333265691,0.19347669391330258,,
2,NFLIKFLLI,HLA-A*24:02,3.454287528991699,2846.344934818171,3.1993255615234375,1582.4338395589302,2.4854283332824707,305.79355882699736,0.19316299484390703,,
2,IMLEGETKL,HLA-A*02:01,3.482381820678711,3036.5596771353967,3.2239556312561035,1674.771767899088,2.536715030670166,344.124054116023,0.18243164872587553,,
2,IMLEGETKL,HLA-A*24:02,3.4830265045166016,3041.070613222136,3.22428035736084,1676.024478913894,2.5380115509033203,345.15291922449995,0.1822933094679628,,
3,SLLQHLIGL,HLA-A*02:01,2.490231990814209,309.19466431534096,2.5783684253692627,378.76376541826573,1.802865982055664,63.51349067745375,0.5853016434487073,,
3,SLLQHLIGL,HLA-A*24:02,2.5016114711761475,317.40332443352133,2.5890934467315674,388.2338929224641,1.8280096054077148,67.29915408543997,0.5778449756752994,,
3,FLRYLLFGI,HLA-A*02:01,2.4569714069366455,286.39894044752816,2.548880100250244,353.89962320781217,1.7393369674682617,54.87025360506238,0.6055938419859666,,
3,FLRYLLFGI,HLA-A*24:02,2.466721296310425,292.90129802485586,2.5580992698669434,361.4924821780382,1.7606821060180664,57.63444375378877,0.5992852368404358,,
3,NFLIKFLLI,HLA-A*02:01,3.037583827972412,1090.3949412391353,3.0853118896484375,1217.059721303419,2.868985652923584,739.5808423321245,0.24902221563196256,,
3,NFLIKFLLI,HLA-A*24:02,3.0495657920837402,1120.8972200924798,3.0958123207092285,1246.8445769879174,2.8917183876037598,779.3246041235552,0.2434540248860015,,
3,IMLEGETKL,HLA-A*02:01,3.4490396976470947,2812.15787015731,3.426321506500244,2668.83366047345,3.63374662399292,4302.755059922724,0.1112390167260461,,
3,IMLEGETKL,HLA-A*24:02,3.460374355316162,2886.518566688397,3.4355664253234863,2726.2546875860603,3.655122756958008,4519.836832791709,0.10865428623591085,,
4,SLLQHLIGL,HLA-A*02:01,1.9759936332702637,94.62232896903166,2.4904072284698486,309.3194494165986,2.349186897277832,223.45336405376844,0.6447162760654169,,
4,SLLQHLIGL,HLA-A*24:02,1.9965729713439941,99.21400273098332,2.5109212398529053,324.28080306352587,2.3751907348632812,237.24154020106147,0.6311799583379128,,
4,FLRYLLFGI,HLA-A*02:01,1.411391019821167,25.78641808823915,1.943213701248169,87.7432469013909,1.6383976936340332,43.4908297600622,0.8965349797203379,,
4,FLRYLLFGI,HLA-A*24:02,1.426769495010376,26.715880672882328,1.959449291229248,91.08550934686986,1.6610431671142578,45.81874264275322,0.892152253040378,,
4,NFLIKFLLI,HLA-A*02:01,2.6318821907043457,428.43228555135477,3.1140618324279785,1300.354702110025,3.1089682579040527,1285.1927232179899,0.23397928051317304,,
4,NFLIKFLLI,HLA-A*24:02,2.648928165435791,445.58254063406395,3.129873275756836,1348.5693216107902,3.1297082901000977,1348.0571061724715,0.22597982669770975,,
4,IMLEGETKL,HLA-A*02:01,3.2920684814453125,1959.1535770191037,3.647411346435547,4440.2901141651755,3.6941709518432617,4945.053013795102,0.06239565531854384,,
4,IMLEGETKL,HLA-A*24:02,3.311011791229248,2046.500199082552,3.6626648902893066,4599.015680192622,3.7158780097961426,5198.499539012404,0.059894131861320775,,
5,SLLQHLIGL,HLA-A*02:01,2.5775060653686523,378.0124165967294,2.9616496562957764,915.4816765818133,2.9221062660217285,835.8075040736837,0.3207094675048967,,
5,SLLQHLIGL,HLA-A*24:02,2.5920639038085938,390.89840989971015,2.9755005836486816,945.1496626272202,2.9380393028259277,867.0403377119688,0.31214990980674495,,
5,FLRYLLFGI,HLA-A*02:01,1.8478219509124756,70.44042229260447,2.285900115966797,193.15240318458788,2.3288750648498535,213.2431380233207,0.7649837050493677,,
5,FLRYLLFGI,HLA-A*24:02,1.8719978332519531,74.47282583567666,2.30985426902771,204.10529381771332,2.353806495666504,225.8429279824139,0.7524569433560621,,
5,NFLIKFLLI,HLA-A*02:01,2.462609052658081,290.1409659971855,2.8773932456970215,754.0380223253353,2.8888678550720215,774.2261843319255,0.37524493841526024,,
5,NFLIKFLLI,HLA-A*24:02,2.478078842163086,300.66220776319835,2.892146587371826,780.0933709269169,2.9023680686950684,798.6712820085082,0.36541603271824447,,
5,IMLEGETKL,HLA-A*02:01,2.991239070892334,980.0293245410918,3.333775043487549,2156.6270268574663,3.2860798835754395,1932.3237135001084,0.14018808419189063,,
5,IMLEGETKL,HLA-A*24:02,3.005061149597168,1011.7218968507221,3.3461320400238037,2218.87092810983,3.3011746406555176,2000.6662257421244,0.13598631082268586,,
6,SLLQHLIGL,HLA-A*02:01,2.0493783950805664,112.04136600277077,2.5158493518829346,327.9815031190826,2.423198699951172,264.9712167025125,0.6278961639204393,,
6,SLLQHLIGL,HLA-A*24:02,2.0711302757263184,117.79592740852956,2.5371170043945312,344.44271546289144,2.447585105895996,280.27548056853595,0.6135921746430045,,
6,FLRYLLFGI,HLA-A*02:01,1.6326260566711426,42.91667394743211,2.118267297744751,131.30077748935562,2.2142162322998047,163.76316842735122,0.8401239469502054,,
6,FLRYLLFGI,HLA-A*24:02,1.6714832782745361,46.93353630579254,2.1562905311584473,143.31463144412368,2.255385398864746,180.04679663066295,0.8249877809328034,,
6,NFLIKFLLI,HLA-A*02:01,2.2693827152252197,185.94423378081004,2.730943202972412,538.1993922029473,2.7723464965820312,592.0337927743975,0.47717787001254053,,
6,NFLIKFLLI,HLA-A*24:02,2.2968645095825195,198.09089289609435,2.756814956665039,571.2351940496892,2.795475482940674,624.4180992507439,0.45877596904453255,,
6,IMLEGETKL,HLA-A*02:01,2.350015163421631,223.8799305035068,2.8112823963165283,647.5635516054729,2.66377592086792,461.07961395362224,0.42045824235233675,,
6,IMLEGETKL,HLA-A*24:02,2.377685070037842,238.608038197138,2.837218999862671,687.4149925138971,2.691413402557373,491.37539116952627,0.40251492437989156,,
7,SLLQHLIGL,HLA-A*02:01,1.971876621246338,93.72956926916962,2.4382236003875732,274.2986059273194,2.255281925201416,180.00390434629045,0.6780860067972765,,
7,SLLQHLIGL,HLA-A*24:02,1.9942638874053955,98.68789540411903,2.4597415924072266,288.231599902138,2.2823305130004883,191.57132939377857,0.6645215861600453,,
7,FLRYLLFGI,HLA-A*02:01,1.5126574039459229,32.55797639372114,2.0035479068756104,100.82028177381527,2.0793943405151367,120.05889462499167,0.8794169366962667,,
7,FLRYLLFGI,HLA-A*24:02,1.5392262935638428,34.61196800330058,2.0296008586883545,107.05349704962298,2.1068267822265625,127.88711263835717,0.8712978737285226,,
7,NFLIKFLLI,HLA-A*02:01,2.3016815185546875,200.30026254783348,2.738501787185669,547.6483546107843,2.739638328552246,549.0834181083505,0.4717929928388163,,
7,NFLIKFLLI,HLA-A*24:02,2.3236780166625977,210.70654049818074,2.7591328620910645,574.2921263841068,2.7573018074035645,571.8759164780024,0.4571320316924563,,
7,IMLEGETKL,HLA-A*02:01,2.267366409301758,185.0829484172646,2.7232861518859863,528.7935533075204,2.569136619567871,370.79734819264064,0.48263830597482754,,
7,IMLEGETKL,HLA-A*24:02,2.3023579120635986,200.61246397145538,2.755404233932495,569.3826559880985,2.6054720878601074,403.15503480558,0.4597769433580123,,
8,SLLQHLIGL,HLA-A*02:01,1.7010114192962646,50.23557982425343,2.2671358585357666,184.98472084798937,1.9375977516174316,86.61592577743717,0.7744850398893358,,
8,SLLQHLIGL,HLA-A*24:02,1.7271335124969482,53.34988805784806,2.291971206665039,195.87148081645634,1.9703388214111328,93.39826773503762,0.7618508616250016,,
8,FLRYLLFGI,HLA-A*02:01,1.4043774604797363,25.37332956990084,1.9774234294891357,94.93436055639806,1.97210693359375,93.77928853338835,0.887110655707667,,
8,FLRYLLFGI,HLA-A*24:02,1.4352385997772217,27.241975610562363,2.006988763809204,101.622240053457,2.0092077255249023,102.14279216811263,0.8783705332301288,,
8,NFLIKFLLI,HLA-A*02:01,2.30867600440979,203.55229551917483,2.7917513847351074,619.086572678472,2.7879862785339355,613.7426137568061,0.4341129716192624,,
8,NFLIKFLLI,HLA-A*24:02,2.3232977390289307,210.5221220500232,2.805767297744751,639.3921466634517,2.801301956176758,632.8517074500855,0.42430264188647715,,
8,IMLEGETKL,HLA-A*02:01,1.7862918376922607,61.135270438055755,2.361464500427246,229.86058117365477,2.0941052436828613,124.19532368050534,0.7239821979382196,,
8,IMLEGETKL,HLA-A*24:02,1.8316364288330078,67.86352728208057,2.403383255004883,253.15310295700093,2.1437087059020996,139.222268495782,0.6994191781751283,,
9,SLLQHLIGL,HLA-A*02:01,2.227492570877075,168.84669760066927,2.740375280380249,550.0159456036757,2.5360445976257324,343.5932296180251,0.47045924688413804,,
9,SLLQHLIGL,HLA-A*24:02,2.2648627758026123,184.01904638985172,2.7732982635498047,593.3326720388004,2.5788378715515137,379.17340759936707,0.4471070242950129,,
9,FLRYLLFGI,HLA-A*02:01,2.24092173576355,174.1493010544669,2.7340502738952637,542.0636360139563,2.6703219413757324,468.0820006843098,0.47496362054942864,,
9,FLRYLLFGI,HLA-A*24:02,2.2714717388153076,186.84080889180345,2.7614057064056396,577.3055150953021,2.7036805152893066,505.45269361267606,0.4555209591053604,,
9,NFLIKFLLI,HLA-A*02:01,2.765787363052368,583.1595109150353,3.1601247787475586,1445.8551250371627,3.1545424461364746,1427.3893304444846,0.21122035552630264,,
9,NFLIKFLLI,HLA-A*24:02,2.7825796604156494,606.1493732102593,3.1749320030212402,1496.0014105671144,3.1719970703125,1485.9256184147844,0.20425794916313056,,
9,IMLEGETKL,HLA-A*02:01,2.3770053386688232,238.2348754770733,2.8821332454681396,762.3128586178259,2.6677398681640625,465.3073022753589,0.37207540644067505,,
9,IMLEGETKL,HLA-A*24:02,2.42341685295105,265.10434937779326,2.9221763610839844,835.9424141626021,2.715081214904785,518.8970658022265,0.34575930237007635,,
10,SLLQHLIGL,HLA-A*02:01,1.8581647872924805,72.13811457870078,2.4844930171966553,305.1356967507013,2.1737117767333984,149.18040324078427,0.6485772930343146,,
10,SLLQHLIGL,HLA-A*24:02,1.8994190692901611,79.32664179278295,2.5212817192077637,332.1098215057381,2.2246618270874023,167.74972894181073,0.6242626461169856,,
10,FLRYLLFGI,HLA-A*02:01,1.5473060607910156,35.2619285246389,2.1870670318603516,153.8392067506772,2.0757980346679688,119.06881588209048,0.8119269499216393,,
10,FLRYLLFGI,HLA-A*24:02,1.5850427150726318,38.46296104647713,2.2219953536987305,166.72293755954368,2.119040012359619,131.53460118881918,0.796211914305257,,
10,NFLIKFLLI,HLA-A*02:01,2.460606336593628,288.80608315911405,2.9358859062194824,862.7518638993491,2.847808361053467,704.3821811900779,0.3369529655955718,,
10,NFLIKFLLI,HLA-A*24:02,2.4768383502960205,299.8046401841384,2.950974941253662,893.2539415869985,2.865995407104492,734.5061003227362,0.32738987681716414,,
10,IMLEGETKL,HLA-A*02:01,2.198636293411255,157.99243531449636,2.7792418003082275,601.5085436469327,2.5262646675109863,335.94228163815325,0.44291301742918465,,
10,IMLEGETKL,HLA-A*24:02,2.257578134536743,180.958144533583,2.8298046588897705,675.7789487284086,2.587834358215332,387.1099713524854,0.4076199165175441,,
11,SLLQHLIGL,HLA-A*02:01,1.7219879627227783,52.721524847166755,2.3587775230407715,228.44282546537744,2.079859733581543,120.18761955229998,0.72551368269256,,
11,SLLQHLIGL,HLA-A*24:02,1.7781941890716553,60.00593249224357,2.408985137939453,256.4396278403181,2.14858341217041,140.7937615991107,0.6960436333686982,,
11,FLRYLLFGI,HLA-A*02:01,1.6355087757110596,43.202489737991215,2.260470151901245,182.16718693127615,2.121493339538574,132.2797421063809,0.7777939815342473,,
11,FLRYLLFGI,HLA-A*24:02,1.6922671794891357,49.234233326180586,2.3119354248046875,205.08572144361415,2.187117576599121,153.85711214746388,0.7513477172125856,,
11,NFLIKFLLI,HLA-A*02:01,2.405352830886841,254.30378893623555,2.8499937057495117,707.9355241667176,2.8114013671875,647.7409698234628,0.3937690880518466,,
11,NFLIKFLLI,HLA-A*24:02,2.413705348968506,259.24199145183184,2.8594558238983154,723.5288017421041,2.8257312774658203,669.4702421687277,0.38733438993237645,,
11,IMLEGETKL,HLA-A*02:01,1.7118003368377686,51.49918270741498,2.3621108531951904,230.20293329129342,2.080228328704834,120.2896686849499,0.7236130111920178,,
11,IMLEGETKL,HLA-A*24:02,1.7857484817504883,61.05883050512668,2.4277334213256836,267.7524302117988,2.1609678268432617,144.86645304278875,0.6845932230446264,,
12,SLLQHLIGL,HLA-A*02:01,1.4847943782806396,30.534750680155472,2.195751905441284,156.94659768959522,1.8047819137573242,63.79430548989098,0.8081084648438678,,
12,SLLQHLIGL,HLA-A*24:02,1.6518583297729492,44.859902958108385,2.3481602668762207,222.92576562589434,2.0044102668762207,101.02067519099376,0.7315132041084331,,
12,FLRYLLFGI,HLA-A*02:01,1.7484016418457031,56.02755129054538,2.3899223804473877,245.42702355033086,2.055359363555908,113.59503862635825,0.7074421037664569,,
12,FLRYLLFGI,HLA-A*24:02,1.8992226123809814,79.29076580724055,2.5267069339752197,336.2845647861393,2.2424230575561523,174.75236323030515,0.6206198973333641,,
12,NFLIKFLLI,HLA-A*02:01,2.373851776123047,236.51123513937767,2.8137614727020264,651.2705988533855,2.720052719116211,524.8711706259842,0.4187332664166822,,
12,NFLIKFLLI,HLA-A*24:02,2.3938775062561035,247.67233936559612,2.839686870574951,691.3323356262816,2.776118278503418,597.1979090901422,0.4008203400303637,,
12,IMLEGETKL,HLA-A*02:01,1.6751282215118408,47.3290973208442,2.362943649291992,230.64479023832294,1.9979186058044434,99.52188788741528,0.723136881210777,,
12,IMLEGETKL,HLA-A*24:02,1.8819689750671387,76.20245709141378,2.5474884510040283,352.76740551069526,2.2221837043762207,166.79525988929663,0.6065431431361106,,
13,SLLQHLIGL,HLA-A*02:01,1.525804042816162,33.558616088622614,2.226522922515869,168.47013447221198,1.8056635856628418,63.92394742806579,0.7941049086004174,,
13,SLLQHLIGL,HLA-A*24:02,2.5000219345092773,316.2437378431496,3.0129499435424805,1030.2673657511032,2.9217634201049805,835.1479513403698,0.2896497877012565,,
13,FLRYLLFGI,HLA-A*02:01,1.5829672813415527,38.27959033459385,2.2613844871520996,182.5511138400296,1.572561264038086,37.37328425341456,0.7773421538344306,,
13,FLRYLLFGI,HLA-A*24:02,2.4288506507873535,268.44211432815274,2.933588743209839,858.2004604524765,2.7382988929748535,547.392563358444,0.3384208803302704,,
13,NFLIKFLLI,HLA-A*02:01,2.849365472793579,706.9121934017137,3.1649723052978516,1462.0839352563771,2.812588691711426,649.5142619735141,0.20892207438824986,,
13,NFLIKFLLI,HLA-A*24:02,2.968423366546631,929.8724195948452,3.22391676902771,1674.621910017595,3.3633017539978027,2308.35050649382,0.18244821020888238,,
13,IMLEGETKL,HLA-A*02:01,1.759207010269165,57.43901850792475,2.4207029342651367,263.4528701322876,2.070855140686035,117.72132474928254,0.6889143703878784,,
13,IMLEGETKL,HLA-A*24:02,2.6955864429473877,496.1196663397513,3.172976016998291,1489.2788331406628,3.0026369094848633,1006.090178656239,0.20516779167793264,,
14,SLLQHLIGL,HLA-A*02:01,1.4515142440795898,28.282268702919,2.2502357959747314,177.92451717406476,1.7981657981872559,62.82981749311732,0.7828066462921612,,
14,SLLQHLIGL,HLA-A*24:02,2.6184346675872803,415.36956106988896,3.102691650390625,1266.7521509313265,2.957869052886963,907.5468482349312,0.23985212168360998,,
14,FLRYLLFGI,HLA-A*02:01,1.5143377780914307,32.68419388430494,2.2704126834869385,186.38574051489124,1.6432762145996094,43.982125617173494,0.7728456286592917,,
14,FLRYLLFGI,HLA-A*24:02,2.6487200260162354,445.36904247838964,3.090592861175537,1231.9493739259988,2.8819751739501953,762.0354477157324,0.24621121306028126,,
14,NFLIKFLLI,HLA-A*02:01,2.9816606044769287,958.6511652127405,3.307196617126465,2028.6009154137444,3.0232343673706055,1054.9560506964785,0.14959382221159653,,
14,NFLIKFLLI,HLA-A*24:02,2.881106376647949,760.5125350447888,3.1196439266204834,1317.1763569773732,3.2484078407287598,1771.772027129389,0.2311328592547242,,
14,IMLEGETKL,HLA-A*02:01,1.7072257995605469,50.959575259294354,2.462538719177246,290.09398181341976,2.0568346977233887,113.98158653558386,0.6627376189790952,,
14,IMLEGETKL,HLA-A*24:02,2.9137284755706787,819.8388141949358,3.332756519317627,2151.575148217687,3.1117711067199707,1293.5139200970164,0.14053921790316717,,
15,SLLQHLIGL,HLA-A*02:01,1.3876376152038574,24.4139255129655,2.211526393890381,162.7520223841328,1.678154468536377,47.66004724645905,0.8010223001765772,,
15,SLLQHLIGL,HLA-A*24:02,2.5785887241363525,378.95594459770797,3.001225233078003,1002.8251867602797,2.9583215713500977,908.4929706331179,0.2965905956381014,,
15,FLRYLLFGI,HLA-A*02:01,1.4060206413269043,25.46951302258263,2.1918742656707764,155.55152229863683,1.474604606628418,29.826658832071058,0.8098206097275107,,
15,FLRYLLFGI,HLA-A*24:02,2.330251932144165,213.92026708401303,2.7524967193603516,565.5834846825502,2.7776784896850586,599.3472123252994,0.4618409771418462,,
15,NFLIKFLLI,HLA-A*02:01,2.8751795291900635,750.2042656094852,3.2411227226257324,1742.2991414878575,2.869297981262207,740.1129124958674,0.1752296237056228,,
15,NFLIKFLLI,HLA-A*24:02,1.7906970977783203,61.758550985075274,2.165461778640747,146.3732711792818,2.3052520751953125,201.9538213196933,0.821172158329773,,
15,IMLEGETKL,HLA-A*02:01,1.341609239578247,21.958832177053484,2.1940369606018066,156.3280679873812,1.5469765663146973,35.23518583087898,0.808867132491345,,
15,IMLEGETKL,HLA-A*24:02,2.5932116508483887,391.9328367235183,3.0318026542663574,1075.9761732033521,2.917881488800049,827.7162639209178,0.2786937233283992,,
16,SLLQHLIGL,HLA-A*02:01,1.1007039546966553,12.609676783453223,1.8635447025299072,73.03729873031506,1.3331174850463867,21.53364182545879,0.9158251619181494,,
16,SLLQHLIGL,HLA-A*24:02,2.533562660217285,341.63523842729234,2.8645548820495605,732.073829955841,2.895148754119873,785.5046388161745,0.38388286076062744,,
16,FLRYLLFGI,HLA-A*02:01,1.1278514862060547,13.423058601506169,1.8443162441253662,69.87410274190408,1.1222610473632812,13.251378146851373,0.9199647275320468,,
16,FLRYLLFGI,HLA-A*24:02,2.3187620639801025,208.33491701693552,2.622051954269409,418.8436680230199,2.834878921508789,683.7210037161285,0.5547214013060119,,
16,NFLIKFLLI,HLA-A*02:01,3.276423454284668,1889.833113031978,3.4305944442749023,2695.22138758367,3.232417583465576,1707.7236127471358,0.11003775143726775,,
16,NFLIKFLLI,HLA-A*24:02,1.801102638244629,63.25613290135642,2.070213556289673,117.54754311791136,2.3806052207946777,240.2178196721093,0.8577158794640308,,
16,IMLEGETKL,HLA-A*02:01,1.0678372383117676,11.690611767695724,1.851191759109497,70.9891145293386,1.2204704284667969,16.613855485590726,0.9185063382342346,,
16,IMLEGETKL,HLA-A*24:02,2.769136428833008,587.6739348365423,3.0681021213531494,1169.7744230731619,2.9772706031799316,949.0095945159138,0.2583306459556363,,
17,SLLQHLIGL,HLA-A*02:01,1.331923007965088,21.47449738964606,2.1369030475616455,137.05757629779987,1.6432065963745117,43.97507576449657,0.8328421552819014,,
17,SLLQHLIGL,HLA-A*24:02,2.909578561782837,812.0421301656766,3.2043650150299072,1600.90298733895,3.211646556854248,1627.9705973087755,0.19092889184393086,,
17,FLRYLLFGI,HLA-A*02:01,1.1509578227996826,14.156562895655922,1.9407947063446045,87.25588070057212,1.2541179656982422,17.952211894675653,0.8971743277985691,,
17,FLRYLLFGI,HLA-A*24:02,2.804389715194702,637.3672073592746,3.0752081871032715,1189.0720945687203,3.088618755340576,1226.3621985580962,0.25445979109847594,,
17,NFLIKFLLI,HLA-A*02:01,2.637254238128662,433.7647320871869,3.034742832183838,1083.2852558516613,2.7273221015930176,533.7305987421088,0.2770081669781222,,
17,NFLIKFLLI,HLA-A*24:02,2.268672466278076,185.6403874988356,2.530797004699707,339.46656409358354,2.736220359802246,544.7790020650316,0.6178645861024231,,
17,IMLEGETKL,HLA-A*02:01,1.2577219009399414,18.10180578163306,2.085585832595825,121.78276566912298,1.516453742980957,32.843826024361874,0.8522711470326281,,
17,IMLEGETKL,HLA-A*24:02,3.317013740539551,2074.97916618742,3.5162734985351562,3283.019773947666,3.412642002105713,2586.080277001433,0.08825316166671751,,
18,SLLQHLIGL,HLA-A*02:01,1.4048593044281006,25.401496563970113,2.25067138671875,178.10306227616164,1.7263169288635254,53.249671000943785,0.7825949737812178,,
18,SLLQHLIGL,HLA-A*24:02,3.096569538116455,1249.0204185201737,3.336979627609253,2172.5992616599115,3.414884090423584,2599.46569485389,0.13908809917171097,,
18,FLRYLLFGI,HLA-A*02:01,1.4285361766815186,26.82478048421933,2.2102441787719727,162.27222041495412,1.57481050491333,37.56734514656255,0.8016055608654331,,
18,FLRYLLFGI,HLA-A*24:02,3.0349228382110596,1083.7343481156568,3.2315406799316406,1704.2789499512858,3.3432445526123047,2204.1672873164343,0.1792215452177062,,
18,NFLIKFLLI,HLA-A*02:01,3.4737486839294434,2976.7933301632215,3.654240131378174,4510.660403608078,3.5313405990600586,3398.91731008027,0.06126392377895735,,
18,NFLIKFLLI,HLA-A*24:02,2.1655986309051514,146.41940271187212,2.424527645111084,265.7832729098564,2.6765265464782715,474.81731351221214,0.6865676091094698,,
18,IMLEGETKL,HLA-A*02:01,1.373628854751587,23.638986615572282,2.2252819538116455,167.989428958147,1.6659483909606934,46.33918496623892,0.7946840219333945,,
18,IMLEGETKL,HLA-A*24:02,3.6922056674957275,4922.7260450633685,3.756659507751465,5710.3076593927535,3.746316432952881,5575.918700926706,0.046443152301180846,,
19,SLLQHLIGL,HLA-A*02:01,1.5213508605957031,33.21626989032736,2.324985980987549,211.3420817576884,1.7683515548706055,58.66128266587494,0.7443164590578658,,
19,SLLQHLIGL,HLA-A*24:02,3.2041125297546387,1599.9725427325554,3.351344108581543,2245.6605441359634,3.523001194000244,3334.2732944945155,0.1342460992119186,,
19,FLRYLLFGI,HLA-A*02:01,1.4989702701568604,31.547886533679783,2.2435989379882812,175.22615769484554,1.5505280494689941,35.5245061701685,0.7860133571391857,,
19,FLRYLLFGI,HLA-A*24:02,3.01517391204834,1035.5567695625148,3.1475870609283447,1404.711251070736,3.336604118347168,2170.7215529156942,0.21725026821121077,,
19,NFLIKFLLI,HLA-A*02:01,3.7815492153167725,6047.128750094645,3.83482027053833,6836.28674215309,3.706122875213623,5083.032367753554,0.03749663109424334,,
19,NFLIKFLLI,HLA-A*24:02,2.119250774383545,131.59845009281446,2.3379693031311035,217.75558525781983,2.543144702911377,349.25666519021706,0.7371931485961277,,
19,IMLEGETKL,HLA-A*02:01,1.285705327987671,19.306579068620323,2.1388864517211914,137.6849438246664,1.4555139541625977,28.543942258458383,0.8320517471474187,,
19,IMLEGETKL,HLA-A*24:02,3.7697675228118896,5885.285325754489,3.7496161460876465,5618.445158556845,3.8425188064575195,6958.550869871888,0.047342541322481016,,
20,SLLQHLIGL,HLA-A*02:01,1.0918169021606445,12.354264698655467,1.9624195098876953,91.71059475019598,1.3683109283447266,23.351292740177048,0.8913330047745895,,
20,SLLQHLIGL,HLA-A*24:02,2.6354331970214844,431.94972019947465,2.90307354927063,799.9697211713714,3.0508060455322266,1124.1028412684848,0.3582074148850315,,
20,FLRYLLFGI,HLA-A*02:01,1.0808711051940918,12.046783493059138,1.8816425800323486,76.14520847171777,1.1803545951843262,15.147975540224563,0.9117523396780652,,
20,FLRYLLFGI,HLA-A*24:02,3.0853004455566406,1217.0276509911203,3.174128532409668,1493.2362776348446,3.4061436653137207,2547.672887497174,0.20463132652767718,,
20,NFLIKFLLI,HLA-A*02:01,3.6605911254882812,4577.107636020502,3.744556427001953,5553.367662130353,3.661309242248535,4584.682258370302,0.04799882310581552,,
20,NFLIKFLLI,HLA-A*24:02,1.9761269092559814,94.65137105889791,2.2011215686798096,158.8991480388207,2.416578769683838,260.9628998681394,0.8057181578458243,,
20,IMLEGETKL,HLA-A*02:01,1.2198057174682617,16.588446538501447,2.062767505645752,115.54934969706396,1.4646587371826172,29.15135439187465,0.860292491397089,,
20,IMLEGETKL,HLA-A*24:02,3.914849281311035,8219.573462238397,3.814303398132324,6520.837807158784,3.979464054107666,9538.14793777626,0.03967056769383809,,
21,SLLQHLIGL,HLA-A*02:01,1.301098346710205,20.00314792971306,2.1627655029296875,145.46734183676378,1.5393095016479492,34.618600073420836,0.82230062896164,,
21,SLLQHLIGL,HLA-A*24:02,2.9920246601104736,981.8036902171064,3.165985584259033,1465.4991951446123,3.3465986251831055,2221.256057606068,0.2084439967285602,,
21,FLRYLLFGI,HLA-A*02:01,1.2727735042572021,18.740169051494323,2.058457374572754,114.40825841183944,1.3587393760681152,22.84227606939633,0.861766025526131,,
21,FLRYLLFGI,HLA-A*24:02,2.8522956371307373,711.697822602704,2.9664816856384277,925.7243461539894,3.330164909362793,2138.774066001073,0.31770928052952935,,
21,NFLIKFLLI,HLA-A*02:01,3.4496235847473145,2815.9412177453237,3.619464874267578,4163.560447914694,3.4972352981567383,3142.2106637487245,0.06723336978832416,,
21,NFLIKFLLI,HLA-A*24:02,1.802443265914917,63.45170054007018,2.035597085952759,108.54181662982771,2.328305721282959,212.96376753255635,0.8693644673692875,,
21,IMLEGETKL,HLA-A*02:01,1.1359825134277344,13.67673756032562,2.025242567062378,105.98455167911222,1.2852716445922852,19.28730927836736,0.8726877997974902,,
21,IMLEGETKL,HLA-A*24:02,3.8408706188201904,6932.192574873544,3.755277156829834,5692.160756688572,3.935629367828369,8622.42385590257,0.046618377535387244,,
22,SLLQHLIGL,HLA-A*02:01,1.2716009616851807,18.689641102099415,2.116468906402588,130.75819183863882,1.5400023460388184,34.67387235141107,0.840812890528858,,
22,SLLQHLIGL,HLA-A*24:02,2.8325798511505127,680.1110814988107,2.998633861541748,996.8592923244944,3.2711381912231445,1866.9736618421107,0.29813755801521896,,
22,FLRYLLFGI,HLA-A*02:01,1.1462502479553223,14.003940212713667,1.9212098121643066,83.4084041942851,1.2604503631591797,18.2158886624691,0.9022229678277599,,
22,FLRYLLFGI,HLA-A*24:02,3.2885818481445312,1943.4879315557357,3.2390804290771484,1734.1251189625564,3.7627506256103516,5790.96080640503,0.1760745391919564,,
22,NFLIKFLLI,HLA-A*02:01,3.5204758644104004,3314.941467617288,3.637329578399658,4338.39986985893,3.579667091369629,3798.9807363890172,0.06410221459655874,,
22,NFLIKFLLI,HLA-A*24:02,1.757460355758667,57.20847299494329,1.9492554664611816,88.97243294051255,2.2827649116516113,191.76304253676238,0.8949227433255934,,
22,IMLEGETKL,HLA-A*02:01,1.1338920593261719,13.611063475302762,1.9950501918792725,98.86673494009524,1.3316974639892578,21.46334784421836,0.8819679442161613,,
22,IMLEGETKL,HLA-A*24:02,4.0732550621032715,11837.365626993093,3.8709516525268555,7429.364265111512,4.0166802406311035,10391.54782326643,0.03394369506428692,,
23,SLLQHLIGL,HLA-A*02:01,1.3908402919769287,24.594629916759164,2.1655330657958984,146.39729955394742,1.6587629318237305,45.57880471713273,0.8211422466364371,,
23,SLLQHLIGL,HLA-A*24:02,2.397455930709839,249.7214975676134,2.643418788909912,439.96566856713514,2.8320913314819336,679.3464831484104,0.5395963507513843,,
23,FLRYLLFGI,HLA-A*02:01,1.1709983348846436,14.82512401079035,1.8903956413269043,77.69545982690752,1.2810907363891602,19.102523225652355,0.9097193066465016,,
23,FLRYLLFGI,HLA-A*24:02,3.320168972015381,2090.1091765619703,3.2403998374938965,1739.4014889237487,3.7547011375427246,5684.616058122443,0.17552832223733703,,
23,NFLIKFLLI,HLA-A*02:01,3.597841262817383,3961.332187746756,3.6563594341278076,4532.725656228539,3.626591682434082,4232.448500699233,0.06091661182740478,,
23,NFLIKFLLI,HLA-A*24:02,2.186763048171997,153.7315649342536,2.3031094074249268,200.95990068381457,2.6497693061828613,446.44638034388686,0.7560289829250495,,
23,IMLEGETKL,HLA-A*02:01,1.1505968570709229,14.144801495891395,1.966177225112915,92.50755979842411,1.3458399772644043,22.17379240475308,0.8902887227538506,,
23,IMLEGETKL,HLA-A*24:02,3.6590399742126465,4560.788933569656,3.5854148864746094,3849.593625125478,3.730037212371826,5370.778137246447,0.07359736939369062,,
24,SLLQHLIGL,HLA-A*02:01,1.3977360725402832,24.98826324846679,2.189406156539917,154.67002528980802,1.643200397491455,43.974448092679424,0.8109042845767316,,
24,SLLQHLIGL,HLA-A*24:02,2.190239906311035,154.9672428840193,2.474738359451294,298.35846179291167,2.6168618202209473,413.8679732065499,0.6549030556867357,,
24,FLRYLLFGI,HLA-A*02:01,1.352344274520874,22.50838186353658,2.0435447692871094,110.54644204121374,1.4786157608032227,30.103414657506438,0.8667638595531229,,
24,FLRYLLFGI,HLA-A*24:02,3.005174160003662,1011.98519741012,3.0011415481567383,1002.6319693344532,3.413792133331299,2592.9380053532054,0.29664048016233224,,
24,NFLIKFLLI,HLA-A*02:01,3.918220281600952,8283.622166809513,3.8552350997924805,7165.311902873439,3.9730873107910156,9399.122520249563,0.035447396611292877,,
24,NFLIKFLLI,HLA-A*24:02,2.1480343341827393,140.61586869536717,2.2615463733673096,182.61917369058523,2.605897903442383,403.55051273501,0.7772620879039165,,
24,IMLEGETKL,HLA-A*02:01,1.0982391834259033,12.538315202344233,1.93768310546875,86.63295046850827,1.2605652809143066,18.220709368464945,0.8979915884609466,,
24,IMLEGETKL,HLA-A*24:02,3.638773202896118,4352.8450021041335,3.5583105087280273,3616.6835324549256,3.7560667991638184,5702.519764248738,0.0790548485676207,,
25,SLLQHLIGL,HLA-A*02:01,1.3332405090332031,21.53974259309713,2.1188619136810303,131.4806715698366,1.577298641204834,37.78319165186419,0.8398956257693416,,
25,SLLQHLIGL,HLA-A*24:02,3.0488767623901367,1119.1202711485992,3.1228830814361572,1327.0371514057856,3.499417781829834,3158.0411293779475,0.22949229119326278,,
25,FLRYLLFGI,HLA-A*02:01,1.2705943584442139,18.646372609006015,1.9569416046142578,90.56108239677361,1.3758935928344727,23.76258004630527,0.8928396931880321,,
25,FLRYLLFGI,HLA-A*24:02,3.1841800212860107,1528.1993875115688,3.121011257171631,1321.3298834002371,3.5883917808532715,3876.0715105512804,0.23043933447567794,,
25,NFLIKFLLI,HLA-A*02:01,3.849363327026367,7069.087006903802,3.7839784622192383,6081.048430471413,3.9294309616088867,8500.235569471752,0.04310625815383467,,
25,NFLIKFLLI,HLA-A*24:02,2.1481785774230957,140.6625795288361,2.2526228427886963,178.90515014507878,2.572425365447998,373.6159130708505,0.7816448480688236,,
25,IMLEGETKL,HLA-A*02:01,0.9561057090759277,9.038694525182951,1.8014826774597168,63.311510838352234,1.11671781539917,13.083315530313405,0.9285249958846814,,
25,IMLEGETKL,HLA-A*24:02,4.203819751739502,15988.94290664288,3.900831699371338,7958.5087733053315,4.263887405395508,18360.622665985265,0.03125292597677577,,
26,SLLQHLIGL,HLA-A*02:01,1.4406208992004395,27.581691665371576,2.193700075149536,156.2068501658797,1.717454433441162,52.174035990990724,0.8090158964236331,,
26,SLLQHLIGL,HLA-A*24:02,2.438676118850708,274.5845636774498,2.6315250396728516,428.0801002513065,2.941415309906006,873.8065783203178,0.5480264517962538,,
26,FLRYLLFGI,HLA-A*02:01,1.2912442684173584,19.554389808736413,1.9512853622436523,89.3892641606352,1.4009771347045898,25.175443773496657,0.8943761118795162,,
26,FLRYLLFGI,HLA-A*24:02,3.271479845046997,1868.442963619052,3.145928382873535,1399.3565433148683,3.7139596939086914,5175.587960186953,0.21805724087393138,,
26,NFLIKFLLI,HLA-A*02:01,4.132380962371826,13563.787037163082,3.9347422122955322,8604.828367762484,4.241375923156738,17433.152255280496,0.02844908336083885,,
26,NFLIKFLLI,HLA-A*24:02,1.933720588684082,85.84610371544147,2.0408146381378174,109.8536871232527,2.4196391105651855,262.8083203277569,0.8676621057996181,,
26,IMLEGETKL,HLA-A*02:01,1.012406587600708,10.289791802605876,1.8314435482025146,67.83339414843289,1.1780190467834473,15.06673142660179,0.9226312733853794,,
26,IMLEGETKL,HLA-A*24:02,4.02161169052124,10510.217186494201,3.7730114459991455,5929.40951562322,4.045366287231445,11101.106962503996,0.04441740377529953,,
27,SLLQHLIGL,HLA-A*02:01,1.3909971714019775,24.60351579609978,2.1820309162139893,152.06557771269456,1.6663098335266113,46.37776691057917,0.8141143027333964,,
27,SLLQHLIGL,HLA-A*24:02,2.9516983032226562,894.7429873081925,3.0260581970214844,1061.8378377520974,3.482694149017334,3038.7442426516345,0.2820050223882654,,
27,FLRYLLFGI,HLA-A*02:01,1.2337868213653564,17.131161975399557,1.9284577369689941,84.81208442135843,1.3729958534240723,23.60455695810426,0.9003808675580942,,
27,FLRYLLFGI,HLA-A*24:02,3.2375361919403076,1727.9699749241795,3.119248628616333,1315.977998912726,3.745461940765381,5564.958638142449,0.23133363045880262,,
27,NFLIKFLLI,HLA-A*02:01,4.066118240356445,11644.43015745431,3.907656192779541,8084.556356115459,4.172125816345215,14863.661844256705,0.03066794943162325,,
27,NFLIKFLLI,HLA-A*24:02,1.6954445838928223,49.59576390135864,1.844702959060669,69.93634943009245,2.132061004638672,135.53797869715046,0.9198833364113479,,
27,IMLEGETKL,HLA-A*02:01,1.0674874782562256,11.681200496939825,1.8970131874084473,78.88840718223456,1.2814059257507324,19.116391920095857,0.9081543740883014,,
27,IMLEGETKL,HLA-A*24:02,4.213447093963623,16347.339946404547,3.88643217086792,7698.961907712752,4.265194892883301,18415.98246992402,0.032522844984587,,
28,SLLQHLIGL,HLA-A*02:01,1.32090425491333,20.93650836172965,2.0977656841278076,125.24652472421162,1.5804376602172852,38.05727252610955,0.847835780021315,,
28,SLLQHLIGL,HLA-A*24:02,2.513587474822998,326.277762063466,2.6600639820098877,457.155534646112,3.0207886695861816,1049.0318389739646,0.5277614355128531,,
28,FLRYLLFGI,HLA-A*02:01,0.9696402549743652,9.324815657212325,1.690462589263916,49.03007857750547,1.0446953773498535,11.083970911242107,0.9469217769775538,,
28,FLRYLLFGI,HLA-A*24:02,3.114863872528076,1302.758371237233,2.989191770553589,975.4202570261144,3.6611275672912598,4582.7647857852435,0.3038131851809338,,
28,NFLIKFLLI,HLA-A*02:01,4.1316046714782715,13539.563751263127,3.921363115310669,8343.78520192478,4.234007835388184,17139.882304018538,0.02952490070609113,,
28,NFLIKFLLI,HLA-A*24:02,1.6375329494476318,43.404319277818,1.7662372589111328,58.376393256859714,2.0457534790039062,111.11008478798276,0.9349265112508992,,
28,IMLEGETKL,HLA-A*02:01,0.9048881530761719,8.03319211075658,1.740995168685913,55.08015689727698,1.0929598808288574,12.386821545059194,0.9391789996404316,,
28,IMLEGETKL,HLA-A*24:02,3.943695306777954,8784.060266775601,3.7012462615966797,5026.275177760491,3.9507813453674316,8928.558436195426,0.0539801865741649,,
29,SLLQHLIGL,HLA-A*02:01,1.2862768173217773,19.332001373463488,2.075258255004883,118.92091853653547,1.5137147903442383,32.637342598398725,0.8559477889562086,,
29,SLLQHLIGL,HLA-A*24:02,2.577518939971924,378.0236228916194,2.7178988456726074,522.2745285041085,3.08160400390625,1206.7130346335205,0.48648269362268926,,
29,FLRYLLFGI,HLA-A*02:01,1.0245909690856934,10.58256559498399,1.7372539043426514,54.60770242656904,1.0873990058898926,12.229226983247164,0.9397867344743143,,
29,FLRYLLFGI,HLA-A*24:02,3.2803537845611572,1907.013574983389,3.1156463623046875,1305.1077310573635,3.837019920349121,6870.999553975995,0.23316882936292635,,
29,NFLIKFLLI,HLA-A*02:01,4.093866348266602,12412.70254727872,3.9056129455566406,8046.609869147567,4.184121131896973,15279.92181040523,0.030841969966620617,,
29,NFLIKFLLI,HLA-A*24:02,1.4502322673797607,28.198906490161416,1.6276845932006836,42.4311295519458,1.7987480163574219,62.914104063640615,0.9552471708372182,,
29,IMLEGETKL,HLA-A*02:01,1.0247845649719238,10.58728404744632,1.849545955657959,70.7206031010382,1.2284326553344727,16.92125831514474,0.918857624596577,,
29,IMLEGETKL,HLA-A*24:02,4.320309162139893,20907.83972064112,3.9135804176330566,8195.593656626444,4.56036376953125,36338.23000901785,0.030168750008814384,,
30,SLLQHLIGL,HLA-A*02:01,1.4021375179290771,25.2427995094621,2.151545286178589,141.75725215074345,1.66068696975708,45.78117867472976,0.8269366851818135,,
30,SLLQHLIGL,HLA-A*24:02,2.6085758209228516,406.04654634554805,2.722799062728882,528.2008098340355,3.1355552673339844,1366.3289405595506,0.4829858156488657,,
30,FLRYLLFGI,HLA-A*02:01,1.2345893383026123,17.16284729100712,1.8806557655334473,75.97238589472424,1.3701105117797852,23.448254101959424,0.9119789310590424,,
30,FLRYLLFGI,HLA-A*24:02,3.280423641204834,1907.3203444405221,3.1025047302246094,1266.207058639824,3.793482780456543,6215.596027588069,0.23994950624173203,,
30,NFLIKFLLI,HLA-A*02:01,4.152003288269043,14190.682661511531,3.9157533645629883,8236.702206061203,4.28424072265625,19241.579641264052,0.029987629253435504,,
30,NFLIKFLLI,HLA-A*24:02,1.6349098682403564,43.142953035709915,1.7485346794128418,56.04471685723202,2.0437159538269043,110.59002438605634,0.9379368087979136,,
30,IMLEGETKL,HLA-A*02:01,1.1486711502075195,14.082220823308521,1.9299015998840332,85.09452137530224,1.3932037353515625,24.728839472834004,0.9000102344332629,,
30,IMLEGETKL,HLA-A*24:02,4.377164840698242,23832.23873530799,3.945225715637207,8815.068990788392,4.475028991699219,29855.81917337615,0.0276327847988852,,
31,SLLQHLIGL,HLA-A*02:01,1.4201998710632324,26.31478772765935,2.2021985054016113,159.29366531223272,1.6986141204833984,49.959044140295845,0.805236048125024,,
31,SLLQHLIGL,HLA-A*24:02,2.2347333431243896,171.68539149119982,2.4456920623779297,279.0564482644693,2.7766127586364746,597.8782554699013,0.6734105427140651,,
31,FLRYLLFGI,HLA-A*02:01,1.0521776676177979,11.276586811386398,1.7663381099700928,58.38995088871522,1.2033514976501465,15.971713000437786,0.9349089785666489,,
31,FLRYLLFGI,HLA-A*24:02,3.4738054275512695,2977.182294512075,3.2586796283721924,1814.1768817102397,3.962830066680908,9179.733361532952,0.16809760122529083,,
31,NFLIKFLLI,HLA-A*02:01,4.304308891296387,20151.570176698442,4.025028228759766,10593.225779764583,4.440731048583984,27588.68805093061,0.022123612668016972,,
31,NFLIKFLLI,HLA-A*24:02,1.511244297027588,32.45221144737951,1.657956600189209,45.49425946653779,1.8854870796203613,76.8222600506781,0.9514005991839869,,
31,IMLEGETKL,HLA-A*02:01,1.1325321197509766,13.56850877190106,1.9512054920196533,89.372826272566,1.4007911682128906,25.164665863774058,0.8943976674794236,,
31,IMLEGETKL,HLA-A*24:02,4.262350559234619,18295.764405861515,3.8739566802978516,7480.948763450782,4.567927360534668,36976.63280279149,0.033663277637926495,,
32,SLLQHLIGL,HLA-A*02:01,1.338374376296997,21.79587840014607,2.0834643840789795,121.18932989191345,1.5473270416259766,35.263632075120015,0.8530326645783284,,
32,SLLQHLIGL,HLA-A*24:02,2.1710801124572754,148.27915841810756,2.3814697265625,240.69647305124167,2.6565732955932617,453.4958275125915,0.7124153099248969,,
32,FLRYLLFGI,HLA-A*02:01,1.0876367092132568,12.235922264191162,1.7429766654968262,55.33203786906181,1.1627850532531738,14.547389038324718,0.9388548039281166,,
32,FLRYLLFGI,HLA-A*24:02,3.5526130199432373,3569.546303694915,3.2962660789489746,1978.1812400747538,4.0152692794799805,10357.841941271783,0.1536104043891871,,
32,NFLIKFLLI,HLA-A*02:01,4.174627304077148,14949.521911953785,3.913576126098633,8195.512671258242,4.281553268432617,19122.87862077425,0.03016910876595028,,
32,NFLIKFLLI,HLA-A*24:02,1.5784993171691895,37.887793804726265,1.7077240943908691,51.0180781116514,1.9124140739440918,81.73613053303208,0.9443876364565114,,
32,IMLEGETKL,HLA-A*02:01,1.0960397720336914,12.474977529748188,1.8659279346466064,73.43919955288219,1.2901291847229004,19.504246844977825,0.9152987534044934,,
32,IMLEGETKL,HLA-A*24:02,4.326921463012695,21228.605332294297,3.8974530696868896,7896.835107681252,4.569271087646484,37091.21737979274,0.031546515028823316,,
33,SLLQHLIGL,HLA-A*02:01,1.2640745639801025,18.36853685519258,2.0376169681549072,109.04781503693812,1.4825687408447266,30.378668924611997,0.8687076468039578,,
33,SLLQHLIGL,HLA-A*24:02,2.2911059856414795,195.4816452849761,2.4778895378112793,300.53118085900786,2.8145570755004883,652.4647830664528,0.6528654213754396,,
33,FLRYLLFGI,HLA-A*02:01,1.1430554389953613,13.9013007416787,1.7980520725250244,62.81336684170785,1.2624831199645996,18.301349717588774,0.9291727745630021,,
33,FLRYLLFGI,HLA-A*24:02,3.5348856449127197,3426.775434471818,3.282235622406006,1915.2947684369935,4.037103652954102,10891.900190202305,0.15889496021917177,,
33,NFLIKFLLI,HLA-A*02:01,4.08358907699585,12122.41302894438,3.8659844398498535,7344.875520471783,4.211669445037842,16280.563968603665,0.034412164239809376,,
33,NFLIKFLLI,HLA-A*24:02,1.679877758026123,47.84953900499685,1.794889211654663,62.35757412733874,2.0128636360168457,103.00626406260255,0.9297651877645813,,
33,IMLEGETKL,HLA-A*02:01,1.102569341659546,12.663954504900033,1.8872389793395996,77.13277910557414,1.3380560874938965,21.779910335160384,0.9104573086180068,,
33,IMLEGETKL,HLA-A*24:02,4.432220935821533,27053.342813016152,3.950864791870117,8930.274158107117,4.779871940612793,60238.19369464387,0.027203156552629053,,
34,SLLQHLIGL,HLA-A*02:01,1.2711350917816162,18.669603378067098,2.0253727436065674,106.01632452262326,1.5159978866577148,32.80936965559479,0.8726464708999216,,
34,SLLQHLIGL,HLA-A*24:02,2.2593295574188232,181.68938606309032,2.443072557449341,277.3783481120168,2.7764482498168945,597.6518247321069,0.6750544144818004,,
34,FLRYLLFGI,HLA-A*02:01,0.9768695831298828,9.481336998447869,1.643040418624878,43.95825243029843,1.070866584777832,11.772442686421465,0.9533336533077595,,
34,FLRYLLFGI,HLA-A*24:02,3.4830126762390137,3040.973784685586,3.236201763153076,1722.6687010734495,3.951958179473877,8952.785502640807,0.17727090459985964,,
34,NFLIKFLLI,HLA-A*02:01,4.241693496704102,17445.904737554494,3.9420995712280273,8751.844068283886,4.356884956359863,22744.948423499434,0.027873791582327126,,
34,NFLIKFLLI,HLA-A*24:02,1.5074076652526855,32.16678566422004,1.633531093597412,43.006202310009165,1.8321242332458496,67.93979517837049,0.9545276071021553,,
34,IMLEGETKL,HLA-A*02:01,1.1617355346679688,14.512276176946678,1.9134256839752197,81.92674189872501,1.4263863563537598,26.692322066251048,0.9041674643811802,,
34,IMLEGETKL,HLA-A*24:02,4.394791603088379,24819.418556814304,3.9308691024780273,8528.430260999643,4.66057825088501,45769.719502728214,0.028756546687920125,,
35,SLLQHLIGL,HLA-A*02:01,1.3994429111480713,25.086663887278853,2.1242990493774414,133.137086660446,1.6439614295959473,44.051573884514795,0.8377956171002898,,
35,SLLQHLIGL,HLA-A*24:02,2.219991683959961,165.95551293247567,2.430982828140259,269.7632766831487,2.745922565460205,557.0864117824403,0.6825851410039747,,
35,FLRYLLFGI,HLA-A*02:01,1.0998337268829346,12.584435143829776,1.7368993759155273,54.56314260893188,1.212662696838379,16.317840991058297,0.9398440287256197,,
35,FLRYLLFGI,HLA-A*24:02,3.339684247970581,2186.1715988762867,3.1540942192077637,1425.9169095038894,3.776392936706543,5975.757107642446,0.2141052939893607,,
35,NFLIKFLLI,HLA-A*02:01,4.166090488433838,14658.53230388647,3.8979787826538086,7906.400005406102,4.259228706359863,18164.719938934246,0.03150065807081359,,
35,NFLIKFLLI,HLA-A*24:02,1.4933836460113525,31.14466372055254,1.6452536582946777,44.1828430652528,1.785689353942871,61.050518106094856,0.9530515199443648,,
35,IMLEGETKL,HLA-A*02:01,1.238835334777832,17.33146740719401,1.972785472869873,93.92592329154715,1.4942998886108398,31.21043980490894,0.8884309202097479,,
35,IMLEGETKL,HLA-A*24:02,4.3581862449646,22813.201947371384,3.93229603767395,8556.497694623231,4.537332534790039,34461.369691007334,0.028642897363637797,,
36,SLLQHLIGL,HLA-A*02:01,1.2092506885528564,16.190143143951943,1.963303804397583,91.89752274599397,1.4180536270141602,26.1850632341672,0.891088044359221,,
36,SLLQHLIGL,HLA-A*24:02,2.064049482345581,115.89093916532252,2.297708511352539,198.47623425530264,2.5384726524353027,345.51957149262864,0.7588639853602669,,
36,FLRYLLFGI,HLA-A*02:01,0.8474688529968262,7.038317482809543,1.5291736125946045,33.82000072678348,0.9070415496826172,8.073122634746433,0.9658509713041684,,
36,FLRYLLFGI,HLA-A*24:02,3.657203197479248,4541.54056314976,3.361224412918091,2297.3354432354413,4.156242847442627,14329.889696142302,0.13099890134060505,,
36,NFLIKFLLI,HLA-A*02:01,4.075955867767334,11911.209622840011,3.8415863513946533,6943.626491108832,4.134911060333252,13643.037106509357,0.036805143345604224,,
36,NFLIKFLLI,HLA-A*24:02,1.5807263851165771,38.082581932419096,1.7031307220458984,50.48132227883299,1.8952984809875488,78.57754951822783,0.9450728935827224,,
36,IMLEGETKL,HLA-A*02:01,0.8891153335571289,7.7466749531678945,1.6828172206878662,48.174500538117584,1.0900135040283203,12.303070255987315,0.9480090147057497,,
36,IMLEGETKL,HLA-A*24:02,4.324896812438965,21129.869384237903,3.904221534729004,8020.871057416919,4.497834205627441,31465.468727383566,0.03096102129255858,,
37,SLLQHLIGL,HLA-A*02:01,1.2357478141784668,17.20869011765174,1.9991455078125,99.80343933668838,1.4793872833251953,30.156940791409813,0.8807444200977388,,
37,SLLQHLIGL,HLA-A*24:02,2.3578131198883057,227.93610351138017,2.5372884273529053,344.57869933178154,2.834343910217285,682.8792402359473,0.6134760429330663,,
37,FLRYLLFGI,HLA-A*02:01,0.9992122650146484,9.981878171552712,1.6593773365020752,45.64333155350856,1.1185393333435059,13.138304810574631,0.9512125654881082,,
37,FLRYLLFGI,HLA-A*24:02,3.4372305870056152,2736.7213924574203,3.2079877853393555,1614.3131531535055,3.9629135131835938,9181.497349503063,0.18933506884076262,,
37,NFLIKFLLI,HLA-A*02:01,4.066514492034912,11655.05942123407,3.849392890930176,7069.568240100356,4.128003120422363,13427.746089898183,0.03602255825929799,,
37,NFLIKFLLI,HLA-A*24:02,1.4623119831085205,28.994256933891414,1.6092867851257324,40.671181149747596,1.719876766204834,52.46585639529261,0.9574413208658179,,
37,IMLEGETKL,HLA-A*02:01,1.0212697982788086,10.501946421307734,1.8011913299560547,63.26905240143249,1.2755537033081055,18.860521775629536,0.9285802209361527,,
37,IMLEGETKL,HLA-A*24:02,4.386765480041504,24364.94750631774,3.9382271766662598,8674.154966041213,4.620507717132568,41735.70145641356,0.028175161798151556,,
38,SLLQHLIGL,HLA-A*02:01,1.2271323204040527,16.87066960949588,1.9807360172271729,95.6612424565576,1.4578232765197754,28.69612639193058,0.8861593481692234,,
38,SLLQHLIGL,HLA-A*24:02,2.4953725337982178,312.8762039573992,2.6468772888183594,443.4833187122878,3.0014290809631348,1003.2960004257285,0.5371405455821016,,
38,FLRYLLFGI,HLA-A*02:01,0.9031672477722168,8.001423322767907,1.5713872909545898,37.27239422645747,0.9993906021118164,9.985977935184406,0.9616414749649226,,
38,FLRYLLFGI,HLA-A*24:02,3.5839285850524902,3836.441542464837,3.3192219734191895,2085.556565150239,4.060770511627197,11501.92447660791,0.14527534751758572,,
38,NFLIKFLLI,HLA-A*02:01,4.024037837982178,10569.095886338895,3.8139843940734863,6516.049788839367,4.086109161376953,12192.960345657122,0.039705305232341115,,
38,NFLIKFLLI,HLA-A*24:02,1.5754613876342773,37.62369002134181,1.7075743675231934,51.00049220915425,1.8743410110473633,74.8757199108197,0.944410099612885,,
38,IMLEGETKL,HLA-A*02:01,0.8791995048522949,7.571806464376234,1.677304983139038,47.566914716344606,1.1072726249694824,12.801846779095657,0.9487798080295285,,
38,IMLEGETKL,HLA-A*24:02,4.293803691864014,19669.969742562604,3.902869701385498,7995.943218111498,4.384953498840332,24263.50284867598,0.03107711229949929,,
39,SLLQHLIGL,HLA-A*02:01,1.3502635955810547,22.400803456186292,2.1050453186035156,127.3635977921661,1.6014013290405273,39.93938094126403,0.8451330453058882,,
39,SLLQHLIGL,HLA-A*24:02,2.5027685165405273,318.2500763684007,2.6600136756896973,457.1025832922694,3.063854694366455,1158.389718917305,0.5277972576815743,,
39,FLRYLLFGI,HLA-A*02:01,1.0237207412719727,10.561381760407786,1.6951344013214111,49.560354174030834,1.133237361907959,13.59056030265368,0.9462468762977981,,
39,FLRYLLFGI,HLA-A*24:02,3.5683138370513916,3700.955277137372,3.3175432682037354,2077.510694995586,4.074151039123535,11861.812070557984,0.14587192002846128,,
39,NFLIKFLLI,HLA-A*02:01,4.0762763023376465,11920.001288173176,3.8624463081359863,7285.281009538909,4.15655517578125,14340.198923099833,0.034749649559590715,,
39,NFLIKFLLI,HLA-A*24:02,1.6564114093780518,45.332681536767616,1.7871170043945312,61.251538884555515,1.9376916885375977,86.63466263377198,0.9312015346030859,,
39,IMLEGETKL,HLA-A*02:01,1.0660321712493896,11.642122676141803,1.8554906845092773,71.69529969815669,1.3305644989013672,21.40742833892408,0.9175822135821499,,
39,IMLEGETKL,HLA-A*24:02,4.376530647277832,23797.46228879933,3.938326358795166,8676.136154928878,4.7025909423828125,50418.618593490726,0.02816740358461545,,
40,SLLQHLIGL,HLA-A*02:01,1.2528836727142334,17.901262982647278,2.0034196376800537,100.7905088261779,1.4901857376098633,30.916173623759878,0.8794557942159225,,
40,SLLQHLIGL,HLA-A*24:02,2.3516297340393066,224.71379490230458,2.52864408493042,337.7878972058347,2.8771347999572754,753.5894328340484,0.619315876329361,,
40,FLRYLLFGI,HLA-A*02:01,0.9899301528930664,9.770800655993764,1.647864580154419,44.449264606460694,1.0658016204833984,11.635943946974905,0.9527166069646666,,
40,FLRYLLFGI,HLA-A*24:02,3.622312068939209,4190.946037814162,3.3342249393463135,2158.862285048907,4.174400329589844,14941.71091345653,0.14003321763840254,,
40,NFLIKFLLI,HLA-A*02:01,4.132713317871094,13574.171061769337,3.8755908012390137,7509.150372068413,4.213096618652344,16334.152977353373,0.03351172772519726,,
40,NFLIKFLLI,HLA-A*24:02,1.5073716640472412,32.16411928205245,1.6511645317077637,44.788295171487185,1.779047966003418,60.12401382670995,0.9522900604755067,,
40,IMLEGETKL,HLA-A*02:01,0.9599685668945312,9.119448327712348,1.7484686374664307,56.036194941959174,1.2077808380126953,16.135440938592883,0.9379477918644579,,
40,IMLEGETKL,HLA-A*24:02,4.402371406555176,25256.397641659783,3.9389712810516357,8689.029687252618,4.741574287414551,55153.65363440882,0.028117007121564227,,
41,SLLQHLIGL,HLA-A*02:01,1.3085427284240723,20.34898391174047,2.044482707977295,110.78544537713242,1.556325912475586,36.00194072052826,0.866454077647703,,
41,SLLQHLIGL,HLA-A*24:02,2.434713125228882,272.09034118733973,2.5920610427856445,390.8958347676641,2.9733572006225586,940.4965366705451,0.5757752909932634,,
41,FLRYLLFGI,HLA-A*02:01,1.063472032546997,11.573694980591208,1.701439380645752,50.28510723848295,1.164210319519043,14.595209038797591,0.9453232054005967,,
41,FLRYLLFGI,HLA-A*24:02,3.628617286682129,4252.23528256542,3.344910144805908,2212.6368693783497,4.134713649749756,13636.837009572104,0.13639701919400668,,
41,NFLIKFLLI,HLA-A*02:01,4.16326379776001,14563.434194182639,3.8911023139953613,7782.1986768082115,4.247135162353516,17665.875374953146,0.03210560644352445,,
41,NFLIKFLLI,HLA-A*24:02,1.5045146942138672,31.95322475685706,1.6463544368743896,44.294972548960985,1.7617511749267578,57.77649273986373,0.9529105947174993,,
41,IMLEGETKL,HLA-A*02:01,1.035503625869751,10.851846096641397,1.8045904636383057,63.76618923177734,1.298149585723877,19.867791135153567,0.9279334564927523,,
41,IMLEGETKL,HLA-A*24:02,4.396202564239502,24900.184453590384,3.940406560897827,8717.793164947641,4.691800117492676,49181.31283218808,0.028005163449342257,,
42,SLLQHLIGL,HLA-A*02:01,1.3601863384246826,22.918507835196756,2.0942888259887695,124.24783386538076,1.6113810539245605,40.867780669002606,0.8491129291036341,,
42,SLLQHLIGL,HLA-A*24:02,2.4241178035736084,265.5325728710195,2.5934293270111084,392.12932971072155,2.975900173187256,946.019684542048,0.574820110645423,,
42,FLRYLLFGI,HLA-A*02:01,1.0701713562011719,11.75361216609687,1.7144107818603516,51.809664725788906,1.167391300201416,14.702503795932275,0.9433756978101245,,
42,FLRYLLFGI,HLA-A*24:02,3.515753746032715,3279.093090191049,3.2762198448181152,1888.9473137818252,4.010916233062744,10254.541170713894,0.16120557232863128,,
42,NFLIKFLLI,HLA-A*02:01,4.1131391525268555,12975.949674800642,3.871025562286377,7430.628727995254,4.179958343505859,15134.160782021521,0.0339367711360221,,
42,NFLIKFLLI,HLA-A*24:02,1.5136234760284424,32.63048102533704,1.6657934188842773,46.32265240850622,1.7622652053833008,57.84491741688267,0.9503547727209681,,
42,IMLEGETKL,HLA-A*02:01,1.1416537761688232,13.856507340445846,1.8978638648986816,79.0430818619419,1.4099502563476562,25.701013890860445,0.9079514442620655,,
42,IMLEGETKL,HLA-A*24:02,4.455568313598633,28547.515248166692,3.966135025024414,9249.85713407917,4.903765678405762,80124.56383353594,0.02607210029253284,,
43,SLLQHLIGL,HLA-A*02:01,1.302713394165039,20.077673807004096,2.0417351722717285,110.08678084286774,1.538588047027588,34.56113902681393,0.8673598138283176,,
43,SLLQHLIGL,HLA-A*24:02,2.3786184787750244,239.12141874426462,2.55509090423584,358.997070159049,2.9244656562805176,840.3605493175795,0.6013475677957784,,
43,FLRYLLFGI,HLA-A*02:01,0.9967284202575684,9.92495211869312,1.6478734016418457,44.45016747911397,1.0877041816711426,12.237823397913763,0.9527154715588888,,
43,FLRYLLFGI,HLA-A*24:02,3.5421791076660156,3484.810026787916,3.291278123855591,1955.5914231146985,4.045495510101318,11104.410551196155,0.15547243688984044,,
43,NFLIKFLLI,HLA-A*02:01,4.132363319396973,13563.236026954977,3.8747811317443848,7495.1638577248605,4.203423976898193,15974.378736244042,0.033586734737442836,,
43,NFLIKFLLI,HLA-A*24:02,1.554694414138794,35.866947256195395,1.7001380920410156,50.13466208066499,1.7870450019836426,61.24138473090583,0.9455150590137554,,
43,IMLEGETKL,HLA-A*02:01,0.9996700286865234,9.992405015375494,1.7782115936279297,60.00833730648736,1.2489748001098633,17.740865367249512,0.9328138360961479,,
43,IMLEGETKL,HLA-A*24:02,4.36859655380249,23366.65539777199,3.9253907203674316,8421.524576135214,4.720602989196777,52553.66268199787,0.029196954964853757,,
44,SLLQHLIGL,HLA-A*02:01,1.2902414798736572,19.50929069337744,2.026801586151123,106.36569598082752,1.5246009826660156,33.46578238397505,0.8721920835433854,,
44,SLLQHLIGL,HLA-A*24:02,2.3744258880615234,236.82409592418614,2.5471627712249756,352.5029624928458,2.914890766143799,822.035865277424,0.6067651868491449,,
44,FLRYLLFGI,HLA-A*02:01,0.9970088005065918,9.931361730443124,1.6429908275604248,43.95323322751282,1.090024471282959,12.303380949799186,0.953339956437083,,
44,FLRYLLFGI,HLA-A*24:02,3.579493522644043,3797.462751412746,3.3114829063415527,2048.7214115088955,4.100293159484863,12597.755043763202,0.14804254860640773,,
44,NFLIKFLLI,HLA-A*02:01,4.134380340576172,13626.375124102522,3.871523857116699,7439.159273494937,4.2141923904418945,16375.41784189928,0.03389012601095897,,
44,NFLIKFLLI,HLA-A*24:02,1.528024673461914,33.730647142126784,1.6697173118591309,46.74307852351936,1.771524429321289,59.09142039131541,0.9498231468587593,,
44,IMLEGETKL,HLA-A*02:01,0.976773738861084,9.479244796996397,1.7557291984558105,56.98088608172835,1.223855972290039,16.743874966707672,0.9367294030144361,,
44,IMLEGETKL,HLA-A*24:02,4.406162261962891,25477.81982121335,3.940582513809204,8721.325864361224,4.789594650268555,61601.97700184528,0.027991482147169476,,
45,SLLQHLIGL,HLA-A*02:01,1.2818083763122559,19.134114844823145,2.0228943824768066,105.4130507703384,1.513352394104004,32.61011978684286,0.8734313442495164,,
45,SLLQHLIGL,HLA-A*24:02,2.354954719543457,226.44082033207732,2.533536911010742,341.61498356358294,2.8895211219787598,775.3916537346104,0.6160145639061716,,
45,FLRYLLFGI,HLA-A*02:01,0.9549379348754883,9.014423030729793,1.6115379333496094,40.88254593154864,1.042762279510498,11.034744439296626,0.9571784669112654,,
45,FLRYLLFGI,HLA-A*24:02,3.6279587745666504,4245.7925881822475,3.3457722663879395,2217.0335557050203,4.151564598083496,14176.355585377292,0.13610713103707087,,
45,NFLIKFLLI,HLA-A*02:01,4.136903762817383,13705.780202320648,3.874955177307129,7498.168181963446,4.217479228973389,16499.82085647083,0.03357059766113068,,
45,NFLIKFLLI,HLA-A*24:02,1.5451676845550537,35.08873281902575,1.6850781440734863,48.42594941923368,1.7834572792053223,60.73755134494553,0.9476897025219617,,
45,IMLEGETKL,HLA-A*02:01,1.0021860599517822,10.050462788495631,1.7779603004455566,59.97362508980828,1.2509379386901855,17.821240811413755,0.9328588195223407,,
45,IMLEGETKL,HLA-A*24:02,4.435460567474365,27255.902529681458,3.9580087661743164,9078.38854595521,4.816801071166992,65584.47874151735,0.026668189140771983,,
46,SLLQHLIGL,HLA-A*02:01,1.3145644664764404,20.633099213714278,2.04547119140625,111.03788767533672,1.5503792762756348,35.512338875141054,0.8661269426947337,,
46,SLLQHLIGL,HLA-A*24:02,2.348721504211426,223.21403808865017,2.5261621475219727,335.86298812715347,2.8867664337158203,770.4889838314721,0.6209863154026476,,
46,FLRYLLFGI,HLA-A*02:01,0.9977445602416992,9.94820120120289,1.642305612564087,43.88393999636287,1.0939521789550781,12.415155942692955,0.9534269658690717,,
46,FLRYLLFGI,HLA-A*24:02,3.5802173614501953,3803.797261668699,3.3123955726623535,2053.0313099112245,4.089715003967285,12294.616993095344,0.14771396204841897,,
46,NFLIKFLLI,HLA-A*02:01,4.1467742919921875,14020.848350119017,3.877636432647705,7544.603706742154,4.227719306945801,16893.487194620986,0.033322942050897905,,
46,NFLIKFLLI,HLA-A*24:02,1.5113170146942139,32.457645655658936,1.6550958156585693,45.19556455062564,1.7406806945800781,55.04028760553018,0.9517771378736154,,
46,IMLEGETKL,HLA-A*02:01,1.040510654449463,10.977682212457951,1.8053293228149414,63.87476609879186,1.2950644493103027,19.72715465410603,0.9277921583342988,,
46,IMLEGETKL,HLA-A*24:02,4.4171037673950195,26127.855611881005,3.946939468383789,8849.922517247358,4.791021823883057,61804.74570758037,0.027501525255444876,,
47,SLLQHLIGL,HLA-A*02:01,1.291882038116455,19.583126897056886,2.026878595352173,106.38455844369102,1.5262260437011719,33.59124060712911,0.8721675545326218,,
47,SLLQHLIGL,HLA-A*24:02,2.293782949447632,196.6903030405618,2.4839463233947754,304.7518308474411,2.825592041015625,669.2556418847606,0.6489332248415851,,
47,FLRYLLFGI,HLA-A*02:01,0.9732341766357422,9.402301569396782,1.6222951412200928,41.90782688341075,1.0665092468261719,11.654918657644101,0.9559008587775554,,
47,FLRYLLFGI,HLA-A*24:02,3.591855049133301,3907.1046983549186,3.321396589279175,2096.0256320454882,4.099794387817383,12583.295277866211,0.14450555240959773,,
47,NFLIKFLLI,HLA-A*02:01,4.139243125915527,13779.806715407258,3.873121738433838,7466.580271067752,4.219140529632568,16563.058265867778,0.0337409660558251,,
47,NFLIKFLLI,HLA-A*24:02,1.5100905895233154,32.36611623985868,1.6545124053955078,45.13489177034002,1.7452783584594727,55.626067500022536,0.9518535860701187,,
47,IMLEGETKL,HLA-A*02:01,0.9983181953430176,9.961349901197137,1.7713260650634766,59.06443651352016,1.2481803894042969,17.70844346947501,0.9340363334688443,,
47,IMLEGETKL,HLA-A*24:02,4.398649215698242,25040.85859031337,3.9392521381378174,8694.65067698136,4.752100944519043,56506.8300264557,0.028095087352625787,,
48,SLLQHLIGL,HLA-A*02:01,1.3011574745178223,20.00587147985878,2.036633014678955,108.80103198132002,1.537186622619629,34.449793470600675,0.8690279559782086,,
48,SLLQHLIGL,HLA-A*24:02,2.3078811168670654,203.18007526543508,2.496526002883911,313.708295377867,2.8421382904052734,695.245666242637,0.6407017951698459,,
48,FLRYLLFGI,HLA-A*02:01,0.983062744140625,9.617512161256705,1.6321475505828857,42.86941435388704,1.0797252655029297,12.015041231797884,0.9546988768845911,,
48,FLRYLLFGI,HLA-A*24:02,3.6163644790649414,4133.942951550803,3.3389248847961426,2182.3524213818514,4.130934715270996,13518.693299956498,0.13842391844171717,,
48,NFLIKFLLI,HLA-A*02:01,4.146255016326904,14004.093970958169,3.8785173892974854,7559.923299207012,4.229903221130371,16978.652553215925,0.03324195768684511,,
48,NFLIKFLLI,HLA-A*24:02,1.5195846557617188,33.081459050185266,1.6638035774230957,46.110897716304216,1.757627010345459,57.23043017916056,0.9506223208930685,,
48,IMLEGETKL,HLA-A*02:01,1.0154402256011963,10.361919776703806,1.7873659133911133,61.28665429488572,1.2687087059020996,18.5655878873522,0.9311559594469331,,
48,IMLEGETKL,HLA-A*24:02,4.406788349151611,25514.57561861374,3.9449589252471924,8809.655490080675,4.762020111083984,57812.281819797456,0.027653273455395817,,
49,SLLQHLIGL,HLA-A*02:01,1.3051555156707764,20.19089246007753,2.0402092933654785,109.70067336371262,1.5419087409973145,34.826412604191084,0.8678605751358411,,
49,SLLQHLIGL,HLA-A*24:02,2.2864201068878174,193.38380757101456,2.479886054992676,301.9159485414807,2.820582389831543,661.5800336619504,0.651571510865026,,
49,FLRYLLFGI,HLA-A*02:01,0.9939846992492676,9.862447383540525,1.6413943767547607,43.79195933220328,1.092569351196289,12.375687978439071,0.9535424366398544,,
49,FLRYLLFGI,HLA-A*24:02,3.6058433055877686,4034.997830843978,3.332341194152832,2149.5185341220563,4.118687629699707,13142.791847592034,0.14068261126140857,,
49,NFLIKFLLI,HLA-A*02:01,4.1505608558654785,14143.62899930232,3.881000518798828,7603.271852101081,4.235618591308594,17203.570491191836,0.033014710711844135,,
49,NFLIKFLLI,HLA-A*24:02,1.5236396789550781,33.39178834619175,1.6674261093139648,46.49712594159009,1.7621283531188965,57.82669254611024,0.9501342204089613,,
49,IMLEGETKL,HLA-A*02:01,1.0236551761627197,10.559787436946346,1.7943425178527832,62.27912723707843,1.2783842086791992,18.98384628509085,0.9298671197038355,,
49,IMLEGETKL,HLA-A*24:02,4.40579891204834,25456.512868072114,3.9443018436431885,8796.336680090584,4.765481472015381,58274.891287971164,0.027703798200661007,,
50,SLLQHLIGL,HLA-A*02:01,1.3042223453521729,20.147554783970115,2.0395867824554443,109.54354277740659,1.5408949851989746,34.745213544195785,0.8680644093691614,,
50,SLLQHLIGL,HLA-A*24:02,2.2872824668884277,193.76818302944744,2.4806809425354004,302.4690501722748,2.8213610649108887,662.7672879588083,0.6510557329648172,,
50,FLRYLLFGI,HLA-A*02:01,0.9916973114013672,9.81063936225269,1.6395604610443115,43.60742685950945,1.0902371406555176,12.309407259525544,0.9537740032471801,,
50,FLRYLLFGI,HLA-A*24:02,3.6054582595825195,4031.4219823682247,3.3320631980895996,2148.1430469703214,4.1185760498046875,13139.415606291888,0.1407786593139033,,
50,NFLIKFLLI,HLA-A*02:01,4.149926662445068,14122.990352518209,3.88067364692688,7597.55140028308,4.235081195831299,17182.295978694034,0.03304453885964508,,
50,NFLIKFLLI,HLA-A*24:02,1.5233569145202637,33.370054390490786,1.667250633239746,46.47834263822922,1.7615928649902344,57.75543576950335,0.950157969086422,,
50,IMLEGETKL,HLA-A*02:01,1.021263599395752,10.501796523310306,1.7924959659576416,62.014888323410105,1.2758636474609375,18.873986820996738,0.9302104018405768,,
50,IMLEGETKL,HLA-A*24:02,4.405669212341309,25448.911552766796,3.944540500640869,8801.171842198213,4.762677192687988,57899.81721375233,0.02768543686902096,,
