epoch,train_loss,val_loss,epoch_wall_s,train_data_wait_s,train_forward_loss_s,train_backward_s,train_optimizer_s,gpu_busy_wall_s,val_wall_s,probe_eval_wall_s,current_lr,grad_norm_affinity_probe,grad_norm_binding_core,grad_norm_trunk_other,diverged,divergence_reason,synthetic_seed,observed_train_examples,skipped_train_batches,summary_write_wall_s,gpu_util_mean_pct,gpu_util_peak_pct,gpu_mem_util_mean_pct,gpu_mem_util_peak_pct,gpu_sample_count,gpu_peak_allocated_bytes,gpu_peak_reserved_bytes,gpu_peak_allocated_gib,gpu_peak_reserved_gib,val_spearman,val_pearson,val_rmse_log10,val_accuracy,val_balanced_accuracy,val_precision,val_recall,val_f1,val_auroc,val_auprc,val_n_samples,val_dissociation_constant_kd_spearman,val_dissociation_constant_kd_pearson,val_dissociation_constant_kd_rmse_log10,val_dissociation_constant_kd_accuracy,val_dissociation_constant_kd_balanced_accuracy,val_dissociation_constant_kd_precision,val_dissociation_constant_kd_recall,val_dissociation_constant_kd_f1,val_dissociation_constant_kd_auroc,val_dissociation_constant_kd_auprc,val_dissociation_constant_kd_n_samples,val_dissociation_constant_kd_(~ec50)_spearman,val_dissociation_constant_kd_(~ec50)_pearson,val_dissociation_constant_kd_(~ec50)_rmse_log10,val_dissociation_constant_kd_(~ec50)_accuracy,val_dissociation_constant_kd_(~ec50)_balanced_accuracy,val_dissociation_constant_kd_(~ec50)_precision,val_dissociation_constant_kd_(~ec50)_recall,val_dissociation_constant_kd_(~ec50)_f1,val_dissociation_constant_kd_(~ec50)_auroc,val_dissociation_constant_kd_(~ec50)_auprc,val_dissociation_constant_kd_(~ec50)_n_samples,val_dissociation_constant_kd_(~ic50)_spearman,val_dissociation_constant_kd_(~ic50)_pearson,val_dissociation_constant_kd_(~ic50)_rmse_log10,val_dissociation_constant_kd_(~ic50)_accuracy,val_dissociation_constant_kd_(~ic50)_balanced_accuracy,val_dissociation_constant_kd_(~ic50)_precision,val_dissociation_constant_kd_(~ic50)_recall,val_dissociation_constant_kd_(~ic50)_f1,val_dissociation_constant_kd_(~ic50)_auroc,val_dissociation_constant_kd_(~ic50)_auprc,val_dissociation_constant_kd_(~ic50)_n_samples,val_half_maximal_effective_concentration_(ec50)_spearman,val_half_maximal_effective_concentration_(ec50)_pearson,val_half_maximal_effective_concentration_(ec50)_rmse_log10,val_half_maximal_effective_concentration_(ec50)_accuracy,val_half_maximal_effective_concentration_(ec50)_balanced_accuracy,val_half_maximal_effective_concentration_(ec50)_precision,val_half_maximal_effective_concentration_(ec50)_recall,val_half_maximal_effective_concentration_(ec50)_f1,val_half_maximal_effective_concentration_(ec50)_auroc,val_half_maximal_effective_concentration_(ec50)_auprc,val_half_maximal_effective_concentration_(ec50)_n_samples,val_half_maximal_inhibitory_concentration_(ic50)_spearman,val_half_maximal_inhibitory_concentration_(ic50)_pearson,val_half_maximal_inhibitory_concentration_(ic50)_rmse_log10,val_half_maximal_inhibitory_concentration_(ic50)_accuracy,val_half_maximal_inhibitory_concentration_(ic50)_balanced_accuracy,val_half_maximal_inhibitory_concentration_(ic50)_precision,val_half_maximal_inhibitory_concentration_(ic50)_recall,val_half_maximal_inhibitory_concentration_(ic50)_f1,val_half_maximal_inhibitory_concentration_(ic50)_auroc,val_half_maximal_inhibitory_concentration_(ic50)_auprc,val_half_maximal_inhibitory_concentration_(ic50)_n_samples,val_coverage_weighted_spearman
1,0.0902722188675741,0.0641187964938581,21.732398775,1.61284292900001,10.11992847599997,3.4096705979999857,0.43195840600000324,14.828594930999953,0.592728484999995,0.27430896599999954,0.001,0.08015439671038772,0.02895373717863144,0.08450365868145103,False,,1052,27136,0,0.9635782699999993,35.9,86.0,6.5,25.0,20.0,9511746048.0,25253904384.0,8.858503818511963,23.51953125,0.6528851389884949,0.6328169703483582,1.2423222064971924,0.7113080024719238,0.6611403822898865,0.7476415038108826,0.41492146253585815,0.5336700293981276,0.8435279130935669,0.735432505607605,1919.0,0.353499174118042,0.4192568063735962,1.6532044410705566,0.6870229244232178,0.6756854355335236,0.6226415038108826,0.6111111044883728,0.6168224237737556,0.682539701461792,0.5859053134918213,131.0,0.4616634249687195,0.619153618812561,1.1976505517959595,0.7429718971252441,0.5,0.0,0.0,0.0,0.8865709900856018,0.6104835271835327,249.0,0.5520556569099426,0.5459113717079163,1.432955265045166,0.5681159496307373,0.5053591737523675,0.800000011920929,0.013289036229252815,0.02614379024530218,0.7929182052612305,0.7053442597389221,690.0,0.7269384860992432,0.6184632778167725,0.8389614820480347,0.8181818127632141,0.646428570151329,0.4000000059604645,0.4000000059604645,0.4000000059604645,0.764285683631897,0.3505555987358093,33.0,0.7743296027183533,0.7719650268554688,0.9941487312316895,0.8223039507865906,0.8216386437416077,0.7700831294059753,0.8176470398902893,0.7931526444538509,0.9015384912490845,0.8079721331596375,816.0,0.6242954214455374
2,0.056620629152880526,0.04618604900315404,18.923392655999997,1.8990664340000052,7.703565993000005,2.9820083040000327,0.34676789100002026,11.974514579000065,0.6364300480000011,0.3057423430000057,0.001,0.07023072180102244,0.033134074008619285,0.13433964083259214,False,,2061,27136,0,0.44935469099999636,36.111111111111114,50.0,6.055555555555555,10.0,18.0,9511746560.0,25253904384.0,8.858504295349121,23.51953125,0.74970543384552,0.7468008399009705,1.037325143814087,0.8165711164474487,0.8161589801311493,0.7475961446762085,0.8141361474990845,0.77944862658131,0.8993768095970154,0.8281542658805847,1919.0,0.6157369613647461,0.6345144510269165,1.4208592176437378,0.7709923386573792,0.7609427571296692,0.7307692170143127,0.7037037014961243,0.7169811243092559,0.8338143229484558,0.6798862218856812,131.0,0.5988224148750305,0.7192593812942505,0.9866624474525452,0.8433734774589539,0.7923986613750458,0.6984127163887024,0.6875,0.6929133946737874,0.9234796762466431,0.7259836196899414,249.0,0.6961373090744019,0.6922032833099365,1.1310195922851562,0.7710145115852356,0.7698588073253632,0.7269841432571411,0.7607973217964172,0.7435064922771912,0.8638386130332947,0.8214296698570251,690.0,0.7423128485679626,0.6780031323432922,0.7990767955780029,0.7878788113594055,0.5464285686612129,0.25,0.20000000298023224,0.22222222406187175,0.8071429133415222,0.37583333253860474,33.0,0.8188130259513855,0.816006064414978,0.8954776525497437,0.8553921580314636,0.863445371389389,0.7788944840431213,0.9117646813392639,0.8401083974603059,0.9275271892547607,0.8771342635154724,816.0,0.7309801040557973
3,0.04379096052626956,0.039264453342184424,18.882186396,1.8956023160000086,7.646865700999946,2.95710571999998,0.3460721509999729,11.89752695099989,0.6606235889999965,0.28685978999999406,0.001,0.05871136772027402,0.028807623349629025,0.13024119494403527,False,,3070,27136,0,0.4768839819999897,43.72222222222222,60.0,7.333333333333333,12.0,18.0,9511746560.0,25253904384.0,8.858504295349121,23.51953125,0.7700148820877075,0.7762171626091003,1.014431118965149,0.8316831588745117,0.8174140453338623,0.8145506381988525,0.7473822236061096,0.7795221959967346,0.9111557006835938,0.8376225233078003,1919.0,0.6492339968681335,0.6941083669662476,1.3122138977050781,0.8167939186096191,0.810966819524765,0.7777777910232544,0.7777777910232544,0.7777777910232544,0.8576237559318542,0.7561625838279724,131.0,0.6413291692733765,0.7430820465087891,0.9524244070053101,0.8634538054466248,0.8110219538211823,0.75,0.703125,0.7258064516129032,0.9329391717910767,0.7519785165786743,249.0,0.7351148724555969,0.7409927248954773,1.1311463117599487,0.7927536368370056,0.7752350866794586,0.8495575189590454,0.6378737688064575,0.7286527598197239,0.8862232565879822,0.8540711998939514,690.0,0.7449866533279419,0.7067191004753113,0.755026638507843,0.8484848737716675,0.6642857044935226,0.5,0.4000000059604645,0.4444444481237435,0.8500000238418579,0.5866667032241821,33.0,0.8374207615852356,0.8371030688285828,0.8728505373001099,0.8566176295280457,0.8560924232006073,0.8123249411582947,0.8529411554336548,0.8321377289997259,0.9379448294639587,0.8864074945449829,816.0,0.7607554871008507
4,0.03986127711481081,0.04899322264827788,18.673544859999993,1.8870684370000674,7.540080402999962,2.925719107000077,0.3439768799999712,11.737544703000026,0.6346652720000066,0.29310304100000906,0.001,0.045551286191065306,0.022074762921398403,0.11809025205644945,False,,4079,27136,0,0.4852411760000024,41.64705882352941,73.0,7.352941176470588,16.0,17.0,9511746048.0,25253904384.0,8.858503818511963,23.51953125,0.7556073069572449,0.7510704398155212,1.0954923629760742,0.808754563331604,0.7757683396339417,0.8669131398200989,0.6138743162155151,0.7187739317431242,0.9008816480636597,0.8290971517562866,1919.0,0.6551272869110107,0.626071572303772,1.592820644378662,0.732824444770813,0.695286214351654,0.7878788113594055,0.48148149251937866,0.5977011646867224,0.8578643202781677,0.7405383586883545,131.0,0.6414978504180908,0.6920984983444214,1.0639208555221558,0.8433734774589539,0.7515202760696411,0.7659574747085571,0.5625,0.6486486586529018,0.9285472631454468,0.739372730255127,249.0,0.7215771675109863,0.7275581359863281,1.178423523902893,0.7811594009399414,0.7596913278102875,0.8640776872634888,0.5913621187210083,0.7021696256741358,0.8770507574081421,0.8496617674827576,690.0,0.758689820766449,0.6611315011978149,0.874777615070343,0.8787878751754761,0.6821428686380386,0.6666666865348816,0.4000000059604645,0.5000000102445483,0.8785713911056519,0.6459090709686279,33.0,0.8274542689323425,0.8176310062408447,0.9297297596931458,0.8308823704719543,0.8075630366802216,0.9007936716079712,0.6676470637321472,0.7668919026731922,0.9346514940261841,0.8842758536338806,816.0,0.752309709461236
5,0.03835539379209842,0.03738308069296181,19.168924374,1.964551577999984,7.798804176000033,3.0460213929999753,0.3545565100000374,12.085536399000048,0.5965204009999923,0.28963391900001056,0.001,0.049710692669426314,0.02389810278842127,0.127057087934108,False,,5088,27136,0,0.4566866889999943,39.35294117647059,62.0,7.588235294117647,15.0,17.0,9511746560.0,25253904384.0,8.858504295349121,23.51953125,0.7760900259017944,0.7796614766120911,0.9807466864585876,0.83897864818573,0.8294565081596375,0.8070175647735596,0.782722532749176,0.7946844056546783,0.9126232266426086,0.8398922681808472,1919.0,0.6869108080863953,0.7119957208633423,1.2753455638885498,0.8015267252922058,0.7869167923927307,0.7916666865348816,0.7037037014961243,0.7450980467779824,0.8737373352050781,0.7817865610122681,131.0,0.6281212568283081,0.7229440808296204,0.9806408286094666,0.8634538054466248,0.8059121668338776,0.7586206793785095,0.6875,0.7213114707644861,0.9263513088226318,0.7353590130805969,249.0,0.7273988127708435,0.7343856692314148,1.0707122087478638,0.8028985261917114,0.7947544157505035,0.800000011920929,0.7308970093727112,0.7638888939989465,0.8833194971084595,0.8510920405387878,690.0,0.739973247051239,0.6875887513160706,0.7854480147361755,0.8484848737716675,0.5821428671479225,0.5,0.20000000298023224,0.285714288755339,0.8285714387893677,0.5315508246421814,33.0,0.8454394936561584,0.8401221036911011,0.8444607257843018,0.8676470518112183,0.8676470518112183,0.8240223526954651,0.8676470518112183,0.8452722063047036,0.9387049078941345,0.8843866586685181,816.0,0.7621628106292677
6,0.035943980750469666,0.03717857366427779,18.53198543900001,1.9260902770001707,7.415128993000025,2.9302041790001567,0.3174374380001552,11.540290458000328,0.5932031010000003,0.2843167469999912,0.001,0.0459586540477847,0.022636221197295896,0.12154584801010923,False,,6097,27136,0,0.4245894129999783,40.166666666666664,63.0,7.277777777777778,14.0,18.0,9511759360.0,25253904384.0,8.858516216278076,23.51953125,0.7813828587532043,0.7853971719741821,0.9644110798835754,0.8400208353996277,0.8442799150943756,0.7641618251800537,0.8651832342147827,0.8115408035401754,0.9149214625358582,0.8438462615013123,1919.0,0.6827630400657654,0.6960116624832153,1.283956527709961,0.8015267252922058,0.8007455468177795,0.7413793206214905,0.7962962985038757,0.7678571493954074,0.8682059049606323,0.7610557079315186,131.0,0.6389662027359009,0.7897128462791443,0.8794190287590027,0.8835341334342957,0.8654138445854187,0.7464788556098938,0.828125,0.7851851754325897,0.947128415107727,0.7896146774291992,249.0,0.7351981401443481,0.7340595722198486,1.052384614944458,0.804347813129425,0.8088163733482361,0.7426900863647461,0.8438538312911987,0.7900466767624545,0.8838745951652527,0.8576687574386597,690.0,0.7098930478096008,0.6485117077827454,0.8176648020744324,0.7878788113594055,0.5464285686612129,0.25,0.20000000298023224,0.22222222406187175,0.8142857551574707,0.4948809742927551,33.0,0.8428784012794495,0.8376981616020203,0.8503623604774475,0.8651960492134094,0.8718487322330475,0.7948718070983887,0.9117646813392639,0.8493150648244838,0.9370304346084595,0.8875067234039307,816.0,0.7644848908031279
7,0.03178836452721987,0.03975831973366439,18.401963972999994,1.7347969010000668,7.361338035999864,2.9534000180000817,0.31660327000022903,11.693661122000151,0.7678870829999767,0.29443271499999923,0.001,0.0411075664262362,0.018700064877107042,0.11388393508679838,False,,7106,27136,0,0.44044440800001894,43.76470588235294,58.0,8.588235294117647,17.0,17.0,9511759360.0,25253904384.0,8.858516216278076,23.51953125,0.7996153235435486,0.8028317093849182,0.9781728982925415,0.845753014087677,0.8277730345726013,0.8534743189811707,0.7395287752151489,0.7924263550940022,0.9234468936920166,0.8768250346183777,1919.0,0.7430843710899353,0.8039071559906006,1.2441059350967407,0.8549618124961853,0.8268398344516754,0.9729729890823364,0.6666666865348816,0.7912088105275772,0.9088503122329712,0.9074235558509827,131.0,0.6678235530853271,0.8400907516479492,0.7923302054405212,0.9076305031776428,0.8458614945411682,0.9019607901573181,0.71875,0.8000000022985534,0.9694256782531738,0.8925297260284424,249.0,0.7390055060386658,0.7445479035377502,1.0839217901229858,0.804347813129425,0.7922819256782532,0.8267716765403748,0.6976743936538696,0.756756751712445,0.8872225284576416,0.8588206171989441,690.0,0.6614304780960083,0.6308756470680237,0.8339818716049194,0.8787878751754761,0.6000000014901161,1.0,0.20000000298023224,0.3333333374725448,0.8071428537368774,0.48189395666122437,33.0,0.8533048033714294,0.8407105803489685,0.8879898190498352,0.8590686321258545,0.8506302535533905,0.852664589881897,0.800000011920929,0.8254931839478638,0.9389829635620117,0.8872544169425964,816.0,0.777316228153185
8,0.029040739520119048,0.03230383154004812,18.76832827200002,1.7987065849997919,7.551922067000021,3.0203990409998482,0.31722255799999743,11.973970892999859,0.7987735819999955,0.28565364499999646,0.001,0.03736567573287651,0.018332144724903843,0.10071297308253123,False,,8115,27136,0,0.4559894839999856,36.888888888888886,62.0,6.277777777777778,13.0,18.0,9511746560.0,25253904384.0,8.858504295349121,23.51953125,0.8118303418159485,0.8117001056671143,0.9125754833221436,0.8520062565803528,0.8486979007720947,0.8030303120613098,0.8324607610702515,0.8174807380159452,0.9275527000427246,0.8844814896583557,1919.0,0.7436555624008179,0.7936232089996338,1.1308904886245728,0.8091602921485901,0.7989417910575867,0.7843137383460999,0.7407407164573669,0.7619047551252399,0.9143819212913513,0.9101433753967285,131.0,0.6731628179550171,0.8628154397010803,0.7661059498786926,0.9196786880493164,0.8744087815284729,0.8928571343421936,0.78125,0.8333333296245998,0.9730574488639832,0.9023903012275696,249.0,0.7553749680519104,0.7530335783958435,1.020723581314087,0.8057971000671387,0.8059681057929993,0.7617554664611816,0.8073089718818665,0.7838709582935758,0.8939695954322815,0.8683112263679504,690.0,0.7366310358047485,0.6745608448982239,0.7956803441047668,0.8787878751754761,0.6000000014901161,1.0,0.20000000298023224,0.3333333374725448,0.8285714387893677,0.5690475702285767,33.0,0.8651189208030701,0.8504818081855774,0.8169946670532227,0.876225471496582,0.8779411613941193,0.8273972868919373,0.8882352709770203,0.8567375921578259,0.9400765895843506,0.8935673832893372,816.0,0.7902506575601805
9,0.027686937835137797,0.032425757963210344,18.589235916000007,1.7579247929999724,7.455160912999986,2.9622479809998765,0.31033992500022123,11.838970857000078,0.8218447630000014,0.28937727499999255,0.001,0.037083031520929295,0.017658474525088827,0.10697038605442075,False,,9124,27136,0,0.4736256609999998,43.5,91.0,8.166666666666666,20.0,18.0,9511746560.0,25253904384.0,8.858504295349121,23.51953125,0.8195178508758545,0.8180039525032043,0.8948673605918884,0.8535695672035217,0.8526552021503448,0.7970479726791382,0.8481675386428833,0.8218135709458965,0.9314554929733276,0.8907688856124878,1919.0,0.7452730536460876,0.8295385837554932,1.065140962600708,0.8396946787834167,0.8249158263206482,0.8510638475418091,0.7407407164573669,0.7920792017271906,0.9307359457015991,0.9267082214355469,131.0,0.6774247884750366,0.8583511114120483,0.735674262046814,0.9277108311653137,0.8900337815284729,0.8965517282485962,0.8125,0.8524590182515825,0.973733127117157,0.9077159762382507,249.0,0.7575036287307739,0.7610242962837219,1.0037306547164917,0.8086956739425659,0.8100419342517853,0.7599999904632568,0.8205980062484741,0.7891373748675576,0.8967366218566895,0.8729733228683472,690.0,0.7075534462928772,0.6659610271453857,0.7957807183265686,0.7575757503509521,0.6107143014669418,0.2857142984867096,0.4000000059604645,0.33333334409528304,0.8285713791847229,0.5471568703651428,33.0,0.8689358234405518,0.8528507947921753,0.8114300966262817,0.875,0.8789916038513184,0.8164893388748169,0.9029411673545837,0.8575418827399113,0.9422516226768494,0.8928259015083313,816.0,0.7928024709939087
10,0.026929587301499438,0.03219485329464078,18.26418350200001,1.7516122640000162,7.345391400000068,2.9344680310000513,0.309523487999968,11.400430574000097,0.5511345369999958,0.25991311800001426,0.001,0.04246043160129924,0.019784761788842715,0.10962002746927803,False,,10133,27136,0,0.41306568000001676,35.0,62.0,6.0,13.0,18.0,9511759360.0,25253904384.0,8.858516216278076,23.51953125,0.8200096487998962,0.8201743960380554,0.9006544947624207,0.86086505651474,0.8531770408153534,0.8317757248878479,0.8154450058937073,0.8235294131607935,0.9312198162078857,0.8910775184631348,1919.0,0.734714150428772,0.8174007534980774,1.1006271839141846,0.8549618124961853,0.8379028141498566,0.8888888955116272,0.7407407164573669,0.8080807963678657,0.9232804179191589,0.9202721118927002,131.0,0.6470633745193481,0.8664157390594482,0.7565377950668335,0.9196786880493164,0.8692989945411682,0.9074074029922485,0.765625,0.8305084727270032,0.9741553664207458,0.9021420478820801,249.0,0.7586997151374817,0.7654887437820435,1.002708911895752,0.8289855122566223,0.8257820904254913,0.8060200810432434,0.8006644248962402,0.8033333268076176,0.895686149597168,0.8704299330711365,690.0,0.6691176295280457,0.64436274766922,0.8538278937339783,0.7878788113594055,0.5464285686612129,0.25,0.20000000298023224,0.22222222406187175,0.7785714268684387,0.4521568715572357,33.0,0.8681812286376953,0.8529515862464905,0.8117132186889648,0.873774528503418,0.8716386556625366,0.8414985537528992,0.8588235378265381,0.8500727816088796,0.9435986280441284,0.9022728204727173,816.0,0.7875903604737541
11,0.026587123402728223,0.03442307678051293,17.969894049000004,1.6961911250000696,7.273545270999904,2.828254417999858,0.31433844900018926,11.247805468999957,0.5689990070000022,0.2626683240000034,0.001,0.033737871215203045,0.016786733685328098,0.11447075908483094,False,,11142,27136,0,0.6289358509999943,37.55555555555556,64.0,6.944444444444445,14.0,18.0,9511746048.0,25253904384.0,8.858503818511963,23.51953125,0.8118710517883301,0.810168981552124,0.9131420254707336,0.8431474566459656,0.8408954739570618,0.7875776290893555,0.8298429250717163,0.8081580535911407,0.9250131249427795,0.8804672360420227,1919.0,0.7074147462844849,0.757795512676239,1.184747338294983,0.8167939186096191,0.8082010746002197,0.7884615659713745,0.7592592835426331,0.7735849315053248,0.8965848684310913,0.8644525408744812,131.0,0.6613198518753052,0.8507809042930603,0.7604324221611023,0.9156626462936401,0.887035459280014,0.841269850730896,0.828125,0.8346456739476628,0.9665540456771851,0.8853495121002197,249.0,0.7546212077140808,0.7577604055404663,1.0112991333007812,0.800000011920929,0.8004509508609772,0.7538940906524658,0.8039867281913757,0.778135061443676,0.8929275274276733,0.8738807439804077,690.0,0.7774063944816589,0.7332997918128967,0.7377258539199829,0.8484848737716675,0.8285714387893677,0.5,0.800000011920929,0.6153846189115174,0.8857142925262451,0.6200000047683716,33.0,0.8648508787155151,0.8486201763153076,0.8199523687362671,0.8615196347236633,0.8619747757911682,0.8144044280052185,0.8647058606147766,0.8388016994232256,0.9388901591300964,0.8942615389823914,816.0,0.7865561939826416
12,0.02506561682752843,0.03171180817298591,18.11989856699998,1.748631249999903,7.3220252070001095,2.9532294219998505,0.3117081089999374,11.452151031999875,0.5929173799999887,0.27227091399998926,0.001,0.0297888618472119,0.014367345943964485,0.08694597861653823,False,,12151,27136,0,0.4292767279999907,40.55555555555556,58.0,7.444444444444445,17.0,18.0,9511746048.0,25253904384.0,8.858503818511963,23.51953125,0.8206942081451416,0.8204778432846069,0.8885797262191772,0.8535695672035217,0.8488888442516327,0.8100128173828125,0.8259162306785583,0.8178872228314815,0.9299460649490356,0.8905853629112244,1919.0,0.7287193536758423,0.7971161603927612,1.1363730430603027,0.8091602921485901,0.7934103012084961,0.8085106611251831,0.7037037014961243,0.7524752561490495,0.9119769334793091,0.9005357623100281,131.0,0.6569545269012451,0.871167778968811,0.6971499919891357,0.9277108311653137,0.9053631722927094,0.859375,0.859375,0.859375,0.9701012372970581,0.9201224446296692,249.0,0.7688682675361633,0.7728147506713867,0.9806761741638184,0.8144927620887756,0.8125528395175934,0.7817589640617371,0.7973421812057495,0.7894736818477144,0.9000076055526733,0.879676103591919,690.0,0.7165775299072266,0.6258505582809448,0.8267766833305359,0.8181818127632141,0.5642857030034065,0.3333333432674408,0.20000000298023224,0.25000000512227416,0.7428571581840515,0.4354761838912964,33.0,0.8675444722175598,0.8509146571159363,0.812629759311676,0.8725489974021912,0.8726890981197357,0.8296089172363281,0.8735294342041016,0.8510028647657686,0.9407994747161865,0.8930364847183228,816.0,0.7926661620356256
13,0.024991687035785533,0.03317807661369443,18.319300650999992,1.9535430869998436,7.32160223200006,2.9249246489999052,0.3170978909999178,11.415481145999905,0.5772357140000395,0.2746206599999823,0.001,0.04168705751332569,0.019286967200027733,0.10636626267806573,False,,13160,27136,0,0.420026149000023,46.77777777777778,86.0,9.833333333333334,26.0,18.0,9511746048.0,25253904384.0,8.858503818511963,23.51953125,0.8185818791389465,0.8194709420204163,0.8967382311820984,0.8577383756637573,0.8474779427051544,0.8376891613006592,0.7971203923225403,0.8169014077761202,0.9252328872680664,0.8769921660423279,1919.0,0.7219986319541931,0.8082605600357056,1.1050184965133667,0.8244274854660034,0.8063973188400269,0.8444444537162781,0.7037037014961243,0.7676767701945029,0.9102934002876282,0.9049881100654602,131.0,0.6527842879295349,0.8566040396690369,0.7488527894020081,0.9236947894096375,0.8873310685157776,0.8813559412956238,0.8125,0.845528459468579,0.9641047120094299,0.8646113872528076,249.0,0.760509729385376,0.7705373764038086,0.9941632151603699,0.8260869383811951,0.8183262348175049,0.8290908932685852,0.7574750781059265,0.7916666567498059,0.8950628042221069,0.8670361638069153,690.0,0.6624331474304199,0.5280649065971375,0.911527693271637,0.8181818127632141,0.5642857030034065,0.3333333432674408,0.20000000298023224,0.25000000512227416,0.6357142925262451,0.24254482984542847,33.0,0.8685739040374756,0.8527910709381104,0.8090797662734985,0.8713235259056091,0.868697464466095,0.8405796885490417,0.8529411554336548,0.846715307145528,0.9392301440238953,0.8945854902267456,816.0,0.7881674941720411
14,0.024822525451627542,0.03115944121964276,19.69023335899999,2.1205819530002827,8.038861517000043,3.1798844579997763,0.37557226900003116,12.464554125999882,0.5896170299999994,0.2806188520000319,0.001,0.03391466515278581,0.015931526054703615,0.0963327866268879,False,,14169,27136,0,0.45933141099999375,36.0,58.0,6.0,11.0,18.0,9511746048.0,25253904384.0,8.858503818511963,23.51953125,0.8195407390594482,0.822516143321991,0.8915801048278809,0.8556540012359619,0.8457463383674622,0.8331053256988525,0.7971203923225403,0.8147157006859985,0.9279924035072327,0.8904999494552612,1919.0,0.7271125912666321,0.826062023639679,1.0810123682022095,0.8702290058135986,0.8508898317813873,0.930232584476471,0.7407407164573669,0.8247422633407744,0.9177489280700684,0.9167083501815796,131.0,0.6571099758148193,0.8579973578453064,0.7319548726081848,0.9277108311653137,0.8900337815284729,0.8965517282485962,0.8125,0.8524590182515825,0.9726350903511047,0.9118102788925171,249.0,0.7619180083274841,0.7692695260047913,0.9903831481933594,0.8101449012756348,0.8060663044452667,0.787162184715271,0.7740863561630249,0.7805695138491974,0.8947211503982544,0.8764832019805908,690.0,0.7185828685760498,0.6266846656799316,0.8319011330604553,0.7878788113594055,0.5464285686612129,0.25,0.20000000298023224,0.22222222406187175,0.7642857432365417,0.32103174924850464,33.0,0.8702136278152466,0.8552437424659729,0.8129789233207703,0.8725489974021912,0.8668067157268524,0.8575757741928101,0.8323529362678528,0.8447761249372278,0.9406389594078064,0.8957952260971069,816.0,0.791247063126646
15,0.023349958963973343,0.030973110115155578,17.060026771000025,1.6610788409999486,6.873467261999906,2.6304775399999016,0.29385874899998043,10.595393379999791,0.5374099460000252,0.26017988299997796,0.001,0.028515703827594947,0.014654384848682091,0.08938337287478802,False,,15178,27136,0,0.428034241999967,41.125,63.0,7.25,13.0,16.0,9511746048.0,25253904384.0,8.858503818511963,23.51953125,0.821768045425415,0.8242307901382446,0.8817188739776611,0.8634705543518066,0.8551200330257416,0.8382749557495117,0.8141361474990845,0.8260292389432088,0.9302847981452942,0.8887385129928589,1919.0,0.7130304574966431,0.8173946142196655,1.1098322868347168,0.8167939186096191,0.7943722903728485,0.8571428656578064,0.6666666865348816,0.7500000158324837,0.9124579429626465,0.9068184494972229,131.0,0.6759315729141235,0.8637257218360901,0.7251901626586914,0.935742974281311,0.8903293907642365,0.9444444179534912,0.796875,0.8644067685654092,0.9722972512245178,0.9070224165916443,249.0,0.7697051763534546,0.7763872146606445,0.9751437306404114,0.8333333134651184,0.8292623460292816,0.8163265585899353,0.7973421812057495,0.8067226968587059,0.8997942209243774,0.876940906047821,690.0,0.7807486653327942,0.6906369924545288,0.7708346843719482,0.8181818127632141,0.5642857030034065,0.3333333432674408,0.20000000298023224,0.25000000512227416,0.8071428537368774,0.47583335638046265,33.0,0.8712953925132751,0.8555845618247986,0.8012294173240662,0.876225471496582,0.8745798170566559,0.8424068689346313,0.8647058606147766,0.853410725584818,0.9412506222724915,0.8963270783424377,816.0,0.7970569408641873
16,0.02194979883519546,0.03331291698850691,18.296524457999965,1.8675682259997757,7.404857384999957,2.8562733289996913,0.32956291899978396,11.463144702999386,0.6018746039999883,0.2705764659999659,0.001,0.02698217316042692,0.012947164141145903,0.07925741033025603,False,,16187,27136,0,0.48203560700000025,41.529411764705884,59.0,7.705882352941177,14.0,17.0,9511746048.0,25253904384.0,8.858503818511963,23.51953125,0.8225444555282593,0.8225557804107666,0.8945140838623047,0.8587806224822998,0.8585350513458252,0.8017135858535767,0.8573298454284668,0.8285895012484451,0.931666374206543,0.8935608863830566,1919.0,0.7257513403892517,0.8219361901283264,1.0612194538116455,0.8549618124961853,0.8434343636035919,0.8571428656578064,0.7777777910232544,0.8155339917180136,0.9254449009895325,0.9185064435005188,131.0,0.6587803959846497,0.8770387768745422,0.7064788937568665,0.935742974281311,0.8954391777515411,0.9285714030265808,0.8125,0.8666666555404662,0.9736486673355103,0.9099000692367554,249.0,0.7755717635154724,0.7791617512702942,0.9874907732009888,0.8260869383811951,0.8284723460674286,0.7750759720802307,0.8471760749816895,0.8095237987571292,0.9042864441871643,0.8865225911140442,690.0,0.653743326663971,0.590290367603302,0.8651988506317139,0.8181818127632141,0.5642857030034065,0.3333333432674408,0.20000000298023224,0.25000000512227416,0.7285714745521545,0.34166666865348816,33.0,0.8675470352172852,0.8498677611351013,0.8329465389251709,0.8651960492134094,0.8697479069232941,0.8026315569877625,0.8970588445663452,0.8472222193707649,0.9402866959571838,0.8986773490905762,816.0,0.794031355671736
17,0.02238996442899389,0.03224462387152016,18.502383691000034,1.8988437900000008,7.496420249999858,2.9181516089997217,0.33491657799959285,11.621362185999146,0.5956959139999753,0.2761778349999986,0.001,0.03951198713706847,0.018897034631332882,0.10174252052407784,False,,17196,27136,0,0.48199901300000647,41.294117647058826,85.0,6.588235294117647,17.0,17.0,9511746048.0,25253904384.0,8.858503818511963,23.51953125,0.8230344653129578,0.8221901655197144,0.8883042931556702,0.8551328778266907,0.8546185493469238,0.7977941036224365,0.8520942330360413,0.8240506217816265,0.9304039478302002,0.8923099637031555,1919.0,0.7133561372756958,0.7901701331138611,1.128893494606018,0.8396946787834167,0.8249158263206482,0.8510638475418091,0.7407407164573669,0.7920792017271906,0.9064454436302185,0.8977500200271606,131.0,0.6567244529724121,0.8708025217056274,0.7243085503578186,0.935742974281311,0.9209881722927094,0.8636363744735718,0.890625,0.8769230825096898,0.9737330079078674,0.9052320718765259,249.0,0.7716421484947205,0.7754019498825073,0.9816305041313171,0.8260869383811951,0.8277208209037781,0.7784615159034729,0.840531587600708,0.808306709191254,0.9007763266563416,0.881600022315979,690.0,0.7526738047599792,0.6685896515846252,0.7902819514274597,0.8181818127632141,0.646428570151329,0.4000000059604645,0.4000000059604645,0.4000000059604645,0.7999999523162842,0.4004901647567749,33.0,0.8711427450180054,0.85491544008255,0.8068203926086426,0.8590686321258545,0.8619747757911682,0.8016085624694824,0.8794117569923401,0.8387096648148535,0.9420723915100098,0.901933491230011,816.0,0.7947357168975381
18,0.02176486656842929,0.033496795454993844,18.936175603000038,1.968507847999831,7.6911912840008085,2.951425227999607,0.3504899619995854,11.87427838800005,0.5875134230000185,0.2936584910000306,0.001,0.027936468842534434,0.012742459372843667,0.08997103142529964,False,,18205,27136,0,0.45880716199997096,40.421052631578945,81.0,7.7894736842105265,24.0,19.0,9511746048.0,25253904384.0,8.858503818511963,23.51953125,0.8185291290283203,0.817539632320404,0.9051796197891235,0.8488796353340149,0.849423736333847,0.7862318754196167,0.8520942330360413,0.8178391877129741,0.927660346031189,0.8862496614456177,1919.0,0.7182618975639343,0.7967655062675476,1.0922776460647583,0.8320610523223877,0.8184223175048828,0.8333333134651184,0.7407407164573669,0.7843137030782996,0.9057238698005676,0.8981062173843384,131.0,0.6470804214477539,0.8551705479621887,0.7399998903274536,0.9236947894096375,0.8975506722927094,0.8571428656578064,0.84375,0.8503937049780933,0.9709458947181702,0.8988609313964844,249.0,0.7643635272979736,0.7687981128692627,1.0063396692276,0.8202898502349854,0.8229551911354065,0.7673715949058533,0.8438538312911987,0.8037974697479073,0.8971892595291138,0.8743469715118408,690.0,0.7149063944816589,0.6299139261245728,0.8253675103187561,0.8181818127632141,0.5642857030034065,0.3333333432674408,0.20000000298023224,0.25000000512227416,0.6928571462631226,0.30877193808555603,33.0,0.8661484718322754,0.850634753704071,0.8272558450698853,0.8541666865348816,0.859033614397049,0.7885117530822754,0.8882352709770203,0.8354080139913009,0.9391683340072632,0.8925684690475464,816.0,0.7884289897811357
19,0.021353855904824328,0.030359721276909113,18.539502776999996,1.9430588020000528,7.496529500000349,2.8781679330002135,0.3343444440001804,11.574987284000713,0.5804314079999813,0.2855139989999884,0.001,0.03601177715595925,0.016376141673783907,0.09478584990023381,False,,19214,27136,0,0.6340101330000039,39.888888888888886,50.0,7.222222222222222,13.0,18.0,9511746560.0,25253904384.0,8.858504295349121,23.51953125,0.825476884841919,0.8282374739646912,0.8714478611946106,0.852527379989624,0.8438136279582977,0.823687732219696,0.801047146320343,0.8122096916471192,0.9299482703208923,0.8907575607299805,1919.0,0.7317461371421814,0.8107202053070068,1.1029226779937744,0.8244274854660034,0.8008657991886139,0.8780487775802612,0.6666666865348816,0.7578947485979242,0.9153438806533813,0.8999332785606384,131.0,0.6677147150039673,0.8752514123916626,0.6962337493896484,0.935742974281311,0.9056587815284729,0.8999999761581421,0.84375,0.8709677307712422,0.9755911827087402,0.9160783290863037,249.0,0.7732361555099487,0.7824913263320923,0.9628614187240601,0.821739137172699,0.8167248964309692,0.8068965673446655,0.7774086594581604,0.7918781913087466,0.899085283279419,0.8800415992736816,690.0,0.7072192430496216,0.6519383192062378,0.8151301741600037,0.8181818127632141,0.646428570151329,0.4000000059604645,0.4000000059604645,0.4000000059604645,0.7928571701049805,0.3831745982170105,33.0,0.8721314668655396,0.8579469919204712,0.7949355244636536,0.8590686321258545,0.8565126061439514,0.8242074847221375,0.841176450252533,0.8326055172144808,0.9404967427253723,0.8987547159194946,816.0,0.7976290605973924
20,0.02085752309001279,0.03297771792858839,17.866281156000014,1.7752473379999287,7.243492301000288,2.7945278989998883,0.3195949330001895,11.169828728000311,0.5491889989999663,0.26302459599997974,0.001,0.026050709124853466,0.013646106853447106,0.08418379733321124,False,,20223,27136,0,0.45688241900001003,42.76470588235294,98.0,8.411764705882353,26.0,17.0,9511733248.0,25253904384.0,8.858491897583008,23.51953125,0.8222647905349731,0.8236028552055359,0.8835558295249939,0.8566961884498596,0.8508216142654419,0.8187744617462158,0.8219895362854004,0.8203788490489924,0.928524911403656,0.8893634080886841,1919.0,0.7249933481216431,0.7918797135353088,1.116403579711914,0.8396946787834167,0.8221500515937805,0.8666666746139526,0.7222222089767456,0.7878787832811843,0.9105339050292969,0.9021856784820557,131.0,0.659859299659729,0.8636704087257385,0.7278261780738831,0.9236947894096375,0.8668918907642365,0.9411764740943909,0.75,0.8347826100747843,0.9735641479492188,0.9093339443206787,249.0,0.7700149416923523,0.7793466448783875,0.9727447032928467,0.8289855122566223,0.827661007642746,0.7961165308952332,0.8172757625579834,0.8065573977421318,0.8975992798805237,0.878018319606781,690.0,0.6691176295280457,0.5889894366264343,0.8594459295272827,0.7878788113594055,0.5464285686612129,0.25,0.20000000298023224,0.22222222406187175,0.7428571581840515,0.31450217962265015,33.0,0.8697031736373901,0.8556819558143616,0.8026121258735657,0.8651960492134094,0.8651260435581207,0.8212290406227112,0.8647058606147766,0.8424068613945589,0.9405152797698975,0.8995025753974915,816.0,0.7933028011722077
21,0.02003892480378162,0.032322741113603115,17.666375741000024,1.759484359999874,7.0953406080001855,2.705040761999612,0.3035469080005555,10.947789595000359,0.5824429369999962,0.26141838000000917,0.001,0.02395231814861347,0.012578298884837314,0.07710733557978743,False,,21232,27136,0,0.45877970800000867,45.588235294117645,75.0,8.058823529411764,14.0,17.0,9511759360.0,25253904384.0,8.858516216278076,23.51953125,0.8273528814315796,0.823930025100708,0.8838570713996887,0.8598228096961975,0.8594008386135101,0.803680956363678,0.8573298454284668,0.8296389997580483,0.9317207336425781,0.8919919729232788,1919.0,0.7277051210403442,0.7928007245063782,1.1025612354278564,0.8320610523223877,0.8211880922317505,0.8199999928474426,0.7592592835426331,0.7884615482486913,0.9062049388885498,0.8993681073188782,131.0,0.6725339889526367,0.8874068856239319,0.6608238220214844,0.9437751173973083,0.9212837815284729,0.9032257795333862,0.875,0.8888888758536577,0.979645311832428,0.9148776531219482,249.0,0.7735754251480103,0.7744375467300415,0.9881482124328613,0.8246376514434814,0.8271870017051697,0.7727272510528564,0.8471760749816895,0.8082408734610979,0.9036203026771545,0.8840326070785522,690.0,0.7222593426704407,0.6542994976043701,0.8058715462684631,0.7878788113594055,0.5464285686612129,0.25,0.20000000298023224,0.22222222406187175,0.785714328289032,0.36547619104385376,33.0,0.8700631856918335,0.8530665636062622,0.8104496598243713,0.8713235259056091,0.87373948097229,0.8184281587600708,0.8882352709770203,0.8519040657986816,0.9403176307678223,0.897066056728363,816.0,0.7974796744608021
22,0.019748934579767147,0.03289959440007806,17.72304305199998,1.7557663380000008,7.139399124999727,2.7346656200001007,0.3110060999996449,11.021892492999484,0.5652655480000135,0.27155609999999797,0.001,0.025981167409558543,0.012802017475011154,0.07974537243886498,False,,22241,27136,0,0.4289764229999946,43.05882352941177,76.0,7.647058823529412,18.0,17.0,9511746048.0,25253904384.0,8.858503818511963,23.51953125,0.8190780282020569,0.8189424276351929,0.8980678915977478,0.8577383756637573,0.8527951538562775,0.8167741894721985,0.8285340070724487,0.8226120717054222,0.9277883172035217,0.8836640119552612,1919.0,0.7084343433380127,0.769554853439331,1.176537036895752,0.8549618124961853,0.8434343636035919,0.8571428656578064,0.7777777910232544,0.8155339917180136,0.8946609497070312,0.873131275177002,131.0,0.6869498491287231,0.8695083260536194,0.7339420914649963,0.9196786880493164,0.8846283853054047,0.8666666746139526,0.8125,0.8387096811407686,0.976604700088501,0.9171239733695984,249.0,0.7691059708595276,0.777302622795105,0.9838647842407227,0.8275362253189087,0.8263756632804871,0.7935484051704407,0.8172757625579834,0.8052373324854225,0.900836169719696,0.8790162801742554,690.0,0.73128342628479,0.6746063828468323,0.7867005467414856,0.7272727489471436,0.5107142999768257,0.1666666716337204,0.20000000298023224,0.18181818600528496,0.7714285254478455,0.31658732891082764,33.0,0.8647896647453308,0.850367546081543,0.8164380788803101,0.8700980544090271,0.8684873878955841,0.8342857360839844,0.8588235378265381,0.8463768268978613,0.9374073147773743,0.889997124671936,816.0,0.7943404120911901
23,0.019608981213268806,0.031502618454396725,17.69300526799998,1.63480619700033,7.128812779000214,2.7245836420000273,0.31524924600006443,11.144212000000266,0.7211594339999579,0.2544068990000028,0.001,0.030790842783952648,0.014777433098713287,0.08864236408759325,False,,23250,27136,0,0.41786792699997477,40.88235294117647,74.0,7.470588235294118,23.0,17.0,9511746048.0,25253904384.0,8.858503818511963,23.51953125,0.8190518617630005,0.8186551928520203,0.8942316770553589,0.8499218225479126,0.8431999683380127,0.8123359680175781,0.8102094531059265,0.8112713170520205,0.9253302812576294,0.8805512189865112,1919.0,0.7232424020767212,0.7918474078178406,1.1585935354232788,0.8396946787834167,0.8193843066692352,0.8837209343910217,0.7037037014961243,0.7835051549052391,0.9045214056968689,0.8934890031814575,131.0,0.6650990843772888,0.8613200187683105,0.7261171340942383,0.9277108311653137,0.8951435685157776,0.8833333253860474,0.828125,0.8548387059560055,0.9696789979934692,0.8881271481513977,249.0,0.7599396705627441,0.7663041353225708,0.9932537078857422,0.8057971000671387,0.8010829389095306,0.7849829196929932,0.7641196250915527,0.7744107790908152,0.8923981189727783,0.8675895929336548,690.0,0.731951892375946,0.65179044008255,0.8295614719390869,0.8484848737716675,0.6642857044935226,0.5,0.4000000059604645,0.4444444481237435,0.7928571701049805,0.3727429509162903,33.0,0.8710908889770508,0.8558017015457153,0.8013214468955994,0.8651960492134094,0.8659663796424866,0.8176795840263367,0.8705882430076599,0.8433048607593798,0.9390817880630493,0.8945433497428894,816.0,0.7919110876623077
24,0.019831198882663024,0.031310574850067496,17.82089307199999,1.6460566369998446,7.192410814999391,2.7488604180002767,0.3108493000004273,11.043121812000038,0.5358702169999674,0.2551310619999754,0.001,0.03677365002339737,0.017104391787632914,0.09676156300131238,False,,24259,27136,0,0.42687303799999654,43.1764705882353,79.0,7.705882352941177,16.0,17.0,9511746048.0,25253904384.0,8.858503818511963,23.51953125,0.8212696313858032,0.8203226923942566,0.9022584557533264,0.854090690612793,0.8413459658622742,0.8427761793136597,0.7787958383560181,0.8095238126497633,0.9271876811981201,0.8863522410392761,1919.0,0.7162600755691528,0.7846495509147644,1.173790454864502,0.8167939186096191,0.7943722903728485,0.8571428656578064,0.6666666865348816,0.7500000158324837,0.9042809009552002,0.8923831582069397,131.0,0.6567275524139404,0.8716049194335938,0.7031170725822449,0.9277108311653137,0.8798141777515411,0.9259259104728699,0.78125,0.8474576206462063,0.9782940149307251,0.9169832468032837,249.0,0.7635895013809204,0.7721372246742249,1.0023430585861206,0.8159420490264893,0.8059467673301697,0.8295454382896423,0.7275747656822205,0.7752212402700899,0.8960107564926147,0.8756558895111084,690.0,0.6751337051391602,0.6202199459075928,0.8516796827316284,0.8181818127632141,0.5642857030034065,0.3333333432674408,0.20000000298023224,0.25000000512227416,0.7500000596046448,0.3954545855522156,33.0,0.8702504634857178,0.852452278137207,0.8145717978477478,0.8713235259056091,0.8682773113250732,0.8425655961036682,0.8500000238418579,0.8462664824770538,0.9409478306770325,0.8984198570251465,816.0,0.790326095298282
25,0.018719476981545396,0.03590484010055661,17.973286261,1.6804929209997113,7.307232091000287,2.8059861099998216,0.3240632299995241,11.294527633999621,0.593455548999998,0.26379065399999035,0.001,0.02702279135572083,0.013628920093825853,0.08003570879937338,False,,25268,27136,0,0.44870554099998117,44.1764705882353,73.0,8.176470588235293,16.0,17.0,9511746560.0,25253904384.0,8.858504295349121,23.51953125,0.8231573104858398,0.8150621652603149,0.9252269268035889,0.83897864818573,0.8498390913009644,0.745945930480957,0.9031413793563843,0.8170515078990006,0.9299675822257996,0.8928718566894531,1919.0,0.7178989052772522,0.7906736135482788,1.0911016464233398,0.8396946787834167,0.8332130908966064,0.8113207817077637,0.7962962985038757,0.8037383321258466,0.9129389524459839,0.8877885341644287,131.0,0.669445812702179,0.8747847676277161,0.6909860372543335,0.9397590160369873,0.9288006722927094,0.8656716346740723,0.90625,0.8854961794827703,0.9776182174682617,0.9270627498626709,249.0,0.7661480903625488,0.7558461427688599,1.0584774017333984,0.7971014380455017,0.8072747886180878,0.7158176898956299,0.8870431780815125,0.7922848592258988,0.8994268774986267,0.881834089756012,690.0,0.644385039806366,0.591643214225769,0.8700063824653625,0.7575757503509521,0.6107143014669418,0.2857142984867096,0.4000000059604645,0.33333334409528304,0.6928571462631226,0.28681159019470215,33.0,0.872785210609436,0.8532861471176147,0.835685133934021,0.8468137383460999,0.8602941334247589,0.7529411911964417,0.9411764740943909,0.8366013176647232,0.9421713352203369,0.9033085703849792,816.0,0.793557261321121
26,0.01910469289166185,0.03258805884979665,17.626441983999996,1.7702908459999662,7.056895996999742,2.6744707259998677,0.3027354809998428,10.902153485999463,0.5962560739999958,0.27179520800001455,0.001,0.030057812425679183,0.013937684660175,0.08857656839502455,False,,26277,27136,0,0.5007642219999866,43.23529411764706,72.0,7.176470588235294,16.0,17.0,9511746560.0,25253904384.0,8.858504295349121,23.51953125,0.8156905174255371,0.8132497668266296,0.9055506587028503,0.8566961884498596,0.8525940179824829,0.8122605085372925,0.8324607610702515,0.8222365863677434,0.9256057739257812,0.883202075958252,1919.0,0.7116425633430481,0.7924813032150269,1.1637417078018188,0.847328245639801,0.8286435604095459,0.8863636255264282,0.7222222089767456,0.7959183549344763,0.9064453840255737,0.8782125115394592,131.0,0.6657745838165283,0.8621564507484436,0.7349651455879211,0.935742974281311,0.9107685685157776,0.8870967626571655,0.859375,0.8730158674293454,0.9739019870758057,0.9071725010871887,249.0,0.7583982944488525,0.7618803381919861,1.002819538116455,0.8173912763595581,0.8139961659908295,0.7926421165466309,0.7873753905296326,0.7899999756597811,0.8960362672805786,0.8709368109703064,690.0,0.6450534462928772,0.5782869458198547,0.8694702982902527,0.7272727489471436,0.4285714328289032,0.0,0.0,0.0,0.6642857789993286,0.2542016804218292,33.0,0.8657723665237427,0.8500511646270752,0.8156426548957825,0.8725489974021912,0.8760504424571991,0.8155080080032349,0.8970588445663452,0.8543417388890062,0.9381487369537354,0.896742582321167,816.0,0.7868967614116739
27,0.019026826460898486,0.031149706337600946,18.85886505999997,1.97894229999946,7.636375462000274,2.9317848890001983,0.3478074009992156,11.794331282999792,0.5995441140000821,0.27881941700002244,0.001,0.028845797663102343,0.013730424281138846,0.08508528804492932,False,,27286,27136,0,0.4625744699999359,36.05555555555556,55.0,6.277777777777778,13.0,18.0,9511746048.0,25253904384.0,8.858503818511963,23.51953125,0.827275812625885,0.8253342509269714,0.8771817684173584,0.8566961884498596,0.8550310432910919,0.8037267327308655,0.8468586206436157,0.8247291312301351,0.9313184022903442,0.8925953507423401,1919.0,0.7233438491821289,0.792751133441925,1.1339162588119507,0.8244274854660034,0.8036315441131592,0.8604651093482971,0.6851851940155029,0.762886600687471,0.9100528359413147,0.882958173751831,131.0,0.6652600169181824,0.8742901682853699,0.6902076005935669,0.935742974281311,0.9107685685157776,0.8870967626571655,0.859375,0.8730158674293454,0.9798141717910767,0.9141994714736938,249.0,0.7733154296875,0.7780435681343079,0.9714285135269165,0.8260869383811951,0.8239629566669464,0.796721339225769,0.8073089718818665,0.801980212958131,0.9023135900497437,0.8843957185745239,690.0,0.6758021116256714,0.6149165034294128,0.8361636996269226,0.8484848737716675,0.6642857044935226,0.5,0.4000000059604645,0.4444444481237435,0.7571428418159485,0.5059523582458496,33.0,0.8748643398284912,0.8588770627975464,0.7946725487709045,0.8639705777168274,0.8707983195781708,0.7928388714790344,0.9117646813392639,0.8481532023235421,0.9428262710571289,0.9065921306610107,816.0,0.7973872881310877
28,0.018145710774609504,0.03814242104999721,18.283236279999983,1.834923025999501,7.408355436000647,2.853351615999827,0.33020825399989917,11.438988958000436,0.5864421280000442,0.26063152400001854,0.001,0.02659300948353627,0.013232723033340082,0.07832477969588979,False,,28295,27136,0,0.443510194000055,40.0,66.0,7.111111111111111,15.0,18.0,9511759872.0,25253904384.0,8.858516693115234,23.51953125,0.8165861368179321,0.8114176392555237,0.9275826811790466,0.847316324710846,0.8472388386726379,0.7861482501029968,0.8468586206436157,0.8153749192729747,0.9243841171264648,0.8787470459938049,1919.0,0.7157316207885742,0.7848712801933289,1.1433563232421875,0.8320610523223877,0.8128907978534698,0.8636363744735718,0.7037037014961243,0.7755102071102734,0.9153438806533813,0.8849477767944336,131.0,0.663205623626709,0.864902913570404,0.7527721524238586,0.9317269325256348,0.9131756722927094,0.8615384697914124,0.875,0.8682170584542657,0.97069251537323,0.8939072489738464,249.0,0.7538666725158691,0.756402313709259,1.0372859239578247,0.813043475151062,0.8146495521068573,0.7638036608695984,0.8272425532341003,0.7942583753838562,0.8921077251434326,0.8670767545700073,690.0,0.7429812550544739,0.6396659016609192,0.8423442840576172,0.7575757503509521,0.6107143014669418,0.2857142984867096,0.4000000059604645,0.33333334409528304,0.721428632736206,0.2829670310020447,33.0,0.8633137345314026,0.8468366861343384,0.8379377126693726,0.8566176295280457,0.8611344397068024,0.7926509380340576,0.8882352709770203,0.8377253819568108,0.9375926852226257,0.8928768038749695,816.0,0.7858517120566574
29,0.01810004682508561,0.03632942703552544,18.04305532500007,1.845317437999256,7.277031880000777,2.7965998279995574,0.3225197659994592,11.239492968999798,0.5829585279999492,0.26038296700005503,0.001,0.026599798005642245,0.012616965518382216,0.08070388379196612,False,,29304,27136,0,0.43925512400005573,43.5,71.0,8.722222222222221,16.0,18.0,9511746560.0,25253904384.0,8.858504295349121,23.51953125,0.8163407444953918,0.8111438155174255,0.921684741973877,0.8452318906784058,0.8441779315471649,0.7865030765533447,0.8390052318572998,0.8119062728695893,0.9227623343467712,0.8796621561050415,1919.0,0.7107510566711426,0.7619001865386963,1.1920826435089111,0.8244274854660034,0.8063973188400269,0.8444444537162781,0.7037037014961243,0.7676767701945029,0.9021164178848267,0.8720906376838684,131.0,0.6626016497612,0.8803778290748596,0.6854760050773621,0.935742974281311,0.9107685685157776,0.8870967626571655,0.859375,0.8730158674293454,0.9798986911773682,0.9251512885093689,249.0,0.7587510943412781,0.7586638331413269,1.028072476387024,0.8144927620887756,0.8148075342178345,0.7711598873138428,0.8172757625579834,0.7935484009181052,0.8915525674819946,0.8708251118659973,690.0,0.528743326663971,0.4868828356266022,0.9757831692695618,0.6969696879386902,0.5750000029802322,0.2222222238779068,0.4000000059604645,0.28571428860328635,0.6071429252624512,0.37652239203453064,33.0,0.8644751310348511,0.8489640355110168,0.8330877423286438,0.8529411554336548,0.8571428656578064,0.7894737124443054,0.8823529481887817,0.8333333521897408,0.9354424476623535,0.892998218536377,816.0,0.7839993178813391
30,0.01799213798400366,0.03143024165183306,18.11044273799996,1.8887182369998072,7.292393999999831,2.7773905380001906,0.32249195100018824,11.233082140000306,0.5620113990000846,0.2787942520000115,0.001,0.023891758087749675,0.011700413178040324,0.07760736725046212,False,,30313,27136,0,0.47614332199998444,41.411764705882355,62.0,7.705882352941177,14.0,17.0,9511746560.0,25253904384.0,8.858504295349121,23.51953125,0.8273308873176575,0.8255940675735474,0.8792398571968079,0.8520062565803528,0.8453746438026428,0.8149606585502625,0.8128272294998169,0.813892545956057,0.9307801723480225,0.8928229808807373,1919.0,0.7077670693397522,0.7850111722946167,1.1500842571258545,0.8244274854660034,0.8063973188400269,0.8444444537162781,0.7037037014961243,0.7676767701945029,0.9069263339042664,0.8877493143081665,131.0,0.666516125202179,0.8851082921028137,0.688006579875946,0.9397590160369873,0.9083614945411682,0.9152542352676392,0.84375,0.8780487795580213,0.9829391837120056,0.9225777387619019,249.0,0.7693975567817688,0.7774366736412048,0.9722719192504883,0.8173912763595581,0.8128688633441925,0.7986348271369934,0.7774086594581604,0.7878788061901424,0.9015364050865173,0.8830410242080688,690.0,0.7102272510528564,0.5876900553703308,0.8886086344718933,0.7272727489471436,0.5107142999768257,0.1666666716337204,0.20000000298023224,0.18181818600528496,0.6928571462631226,0.24977444112300873,33.0,0.8724716901779175,0.8584281802177429,0.793699324131012,0.8639705777168274,0.864075630903244,0.8189415335655212,0.8647058606147766,0.8412017219552392,0.9408736824989319,0.9048313498497009,816.0,0.7946527951579966
31,0.017845144231786143,0.03208286431618035,18.609145409999996,1.9054333360007831,7.509048399999756,2.8658824379998578,0.33825912399993285,11.647792177999463,0.6472665569999663,0.2873356589999503,0.001,0.027339132064885655,0.013018156635471161,0.08174626096277328,False,,31322,27136,0,0.4856837799999312,43.44444444444444,77.0,8.722222222222221,26.0,18.0,9511746560.0,25253904384.0,8.858504295349121,23.51953125,0.8238832354545593,0.826217770576477,0.8776211142539978,0.8509640693664551,0.8440657556056976,0.8144736886024475,0.8102094531059265,0.8123359747770496,0.9305285811424255,0.8936291337013245,1919.0,0.723802924156189,0.8142502307891846,1.0879548788070679,0.8320610523223877,0.8101250529289246,0.8809523582458496,0.6851851940155029,0.7708333302289244,0.9059643745422363,0.9027110934257507,131.0,0.6734520196914673,0.8852447867393494,0.6661048531532288,0.9437751173973083,0.9212837815284729,0.9032257795333862,0.875,0.8888888758536577,0.9810810089111328,0.9238029718399048,249.0,0.7689221501350403,0.7762891054153442,0.9781642556190491,0.813043475151062,0.810891717672348,0.7810457348823547,0.7940199375152588,0.7874794003526355,0.9006397128105164,0.8815457820892334,690.0,0.7192513346672058,0.6028223633766174,0.8805743455886841,0.7878788113594055,0.5464285686612129,0.25,0.20000000298023224,0.22222222406187175,0.75,0.31717851758003235,33.0,0.8679662942886353,0.8549138307571411,0.803429901599884,0.8602941036224365,0.8575630187988281,0.8265895843505859,0.841176450252533,0.8338192263823218,0.9418622851371765,0.9049239158630371,816.0,0.7947158987724638
32,0.01702806318424783,0.03163077309727669,18.21380733000001,1.8721459400002232,7.388613649999684,2.8256250800004636,0.33039441199969133,11.362219111999934,0.5574619720000555,0.26012399800004005,0.001,0.021418670749441596,0.011094779149780458,0.07162902150835282,False,,32331,27136,0,0.43020441799990294,37.72222222222222,62.0,6.666666666666667,16.0,18.0,9511746560.0,25253904384.0,8.858504295349121,23.51953125,0.8219487071037292,0.8227729797363281,0.8853696584701538,0.8535695672035217,0.8440147340297699,0.8285714387893677,0.7971203923225403,0.8125416855952295,0.9269632697105408,0.8889855146408081,1919.0,0.7212512493133545,0.7822533845901489,1.1643728017807007,0.8320610523223877,0.8101250529289246,0.8809523582458496,0.6851851940155029,0.7708333302289244,0.9126983880996704,0.8865576982498169,131.0,0.6619028449058533,0.8838596940040588,0.6710017919540405,0.9397590160369873,0.9134712815284729,0.9016393423080444,0.859375,0.8799999990692139,0.9787161946296692,0.93109130859375,249.0,0.7689367532730103,0.7766450643539429,0.9792256355285645,0.8188405632972717,0.8118994832038879,0.8142856955528259,0.7574750781059265,0.7848536891573173,0.9020745158195496,0.8804813623428345,690.0,0.5561497211456299,0.5009483695030212,0.9526728391647339,0.7272727489471436,0.5107142999768257,0.1666666716337204,0.20000000298023224,0.18181818600528496,0.6428571939468384,0.29523810744285583,33.0,0.8695979118347168,0.8557285070419312,0.8005585074424744,0.8651960492134094,0.8626050353050232,0.8323699235916138,0.8470588326454163,0.8396501407853177,0.9384515881538391,0.8991988301277161,816.0,0.790937425041646
33,0.01685455994996822,0.03470637579448521,18.371977999000023,1.9158901709995462,7.430474117000472,2.865482880999025,0.3357415650001485,11.463097198999549,0.5679138329999205,0.263484802999983,0.001,0.023702051477584172,0.011751848096099003,0.07455001106911337,False,,33340,27136,0,0.4450676819999444,40.833333333333336,72.0,7.555555555555555,16.0,18.0,9511746560.0,25253904384.0,8.858504295349121,23.51953125,0.8219735026359558,0.8191737532615662,0.9072784781455994,0.8467952013015747,0.8465844094753265,0.7858880758285522,0.8455497622489929,0.8146280050169654,0.9269769191741943,0.883500337600708,1919.0,0.7251107692718506,0.7936326265335083,1.136413812637329,0.8167939186096191,0.7999038100242615,0.8260869383811951,0.7037037014961243,0.7599999910354613,0.9158248901367188,0.8816515207290649,131.0,0.6703793406486511,0.8766579031944275,0.6999316215515137,0.9277108311653137,0.8951435685157776,0.8833333253860474,0.828125,0.8548387059560055,0.9764358401298523,0.9094047546386719,249.0,0.7734970450401306,0.7755179405212402,0.9976567625999451,0.8144927620887756,0.8163106739521027,0.7645260095596313,0.8305647969245911,0.7961783583632536,0.9012973308563232,0.8803551197052002,690.0,0.6674465537071228,0.5852161049842834,0.8902715444564819,0.7575757503509521,0.6107143014669418,0.2857142984867096,0.4000000059604645,0.33333334409528304,0.721428632736206,0.2829670310020447,33.0,0.8632991909980774,0.8472052812576294,0.8398348093032837,0.8578431606292725,0.8626050353050232,0.7931936979293823,0.8911764621734619,0.8393351654909775,0.9367029666900635,0.8921047449111938,816.0,0.7931760311623673
34,0.01682146605244785,0.0310910705011338,19.449417096000047,2.161924639999029,7.8003853810002965,3.037399587000209,0.3668681019996711,12.149069738000094,0.6556720289999021,0.288744639000015,0.001,0.021232248511898668,0.01111356652606877,0.07564537924054918,False,,34349,27136,0,0.5092755179999813,38.77777777777778,72.0,7.111111111111111,17.0,18.0,9511746048.0,25253904384.0,8.858503818511963,23.51953125,0.8245262503623962,0.8242742419242859,0.8846260905265808,0.8551328778266907,0.8442057073116302,0.8365650773048401,0.7905759215354919,0.8129205857218803,0.9301409721374512,0.88954758644104,1919.0,0.7216463088989258,0.7679468989372253,1.1907240152359009,0.8244274854660034,0.8036315441131592,0.8604651093482971,0.6851851940155029,0.762886600687471,0.9105339050292969,0.8789847493171692,131.0,0.6695818305015564,0.8772215843200684,0.6932178139686584,0.935742974281311,0.9005489945411682,0.9137930870056152,0.828125,0.8688524515838335,0.9800676107406616,0.9226134419441223,249.0,0.7685163617134094,0.7755779027938843,0.9819357395172119,0.8231884241104126,0.8176344335079193,0.8118466734886169,0.7740863561630249,0.7925169871541378,0.9009727835655212,0.8798251152038574,690.0,0.6928476095199585,0.6180330514907837,0.856412410736084,0.8484848737716675,0.5821428671479225,0.5,0.20000000298023224,0.285714288755339,0.735714316368103,0.33095240592956543,33.0,0.8748719692230225,0.8610250353813171,0.7881217002868652,0.8627451062202454,0.8571428656578064,0.8433734774589539,0.8235294222831726,0.8333333306555167,0.9446367025375366,0.9043542146682739,816.0,0.7964029858483817
35,0.016870572477719694,0.03169231163337827,19.670345881000003,1.9335536840003442,7.993562062000251,3.1083928499997455,0.37499226500051464,12.623269607000452,0.8505761579999671,0.29574627199997394,0.001,0.02016908281457153,0.01058428676390829,0.073521197662818,False,,35358,27136,0,0.5183087909999813,33.36842105263158,72.0,5.7894736842105265,16.0,19.0,9511759360.0,25253904384.0,8.858516216278076,23.51953125,0.8268961310386658,0.8278291821479797,0.8743694424629211,0.852527379989624,0.8460291028022766,0.8152031302452087,0.8141361474990845,0.8146692895120728,0.9317683577537537,0.8934530019760132,1919.0,0.726151704788208,0.7974852323532104,1.1480395793914795,0.8244274854660034,0.8036315441131592,0.8604651093482971,0.6851851940155029,0.762886600687471,0.9167869091033936,0.8917748332023621,131.0,0.6684360504150391,0.8797920942306519,0.6924645900726318,0.935742974281311,0.9005489945411682,0.9137930870056152,0.828125,0.8688524515838335,0.9825168251991272,0.9228155016899109,249.0,0.7791878581047058,0.7852040529251099,0.9574820399284363,0.8144927620887756,0.8102981746196747,0.7932203412055969,0.7774086594581604,0.7852349114284596,0.9049611687660217,0.8876392245292664,690.0,0.7252673506736755,0.6033296585083008,0.8868553042411804,0.8181818127632141,0.5642857030034065,0.3333333432674408,0.20000000298023224,0.25000000512227416,0.7428571581840515,0.3204762041568756,33.0,0.870442271232605,0.8579951524734497,0.7956186532974243,0.8651960492134094,0.8663865625858307,0.8159340620040894,0.8735294342041016,0.8437500083665093,0.9410219788551331,0.9008613228797913,816.0,0.7990728441223991
36,0.01630164766332732,0.033421584870666265,18.891611644000022,1.842310486000315,7.7715387339999324,3.0330852959999675,0.3540554269995937,12.035344710999425,0.5863244019999456,0.2903408519999857,0.001,0.025549350607202745,0.012961860404271794,0.0827592663217008,False,,36367,27136,0,0.6835130430000618,38.22222222222222,72.0,7.166666666666667,16.0,18.0,9511746560.0,25253904384.0,8.858504295349121,23.51953125,0.8257269859313965,0.8221518993377686,0.897746741771698,0.8535695672035217,0.838254451751709,0.8535870909690857,0.7630890011787415,0.8058051007623946,0.9304096102714539,0.8850107192993164,1919.0,0.7162440419197083,0.7869433760643005,1.1845349073410034,0.8396946787834167,0.8166185617446899,0.9024389982223511,0.6851851940155029,0.7789473643791639,0.9220779538154602,0.8910077810287476,131.0,0.6643575429916382,0.877171516418457,0.7033081650733948,0.9437751173973083,0.9110641777515411,0.931034505367279,0.84375,0.8852459118591139,0.9836149215698242,0.9263437390327454,249.0,0.7726025581359863,0.7765350937843323,0.9842777848243713,0.8188405632972717,0.8081416487693787,0.8384615182876587,0.724252462387085,0.7771835751727911,0.9035434722900391,0.8748061656951904,690.0,0.6784759163856506,0.5608989000320435,0.9162582159042358,0.7575757503509521,0.4464285671710968,0.0,0.0,0.0,0.7071428298950195,0.2730952501296997,33.0,0.866812527179718,0.8527580499649048,0.8160936236381531,0.8615196347236633,0.8535714149475098,0.8535825610160828,0.8058823347091675,0.8290468920561744,0.9368265271186829,0.8934703469276428,816.0,0.7931513758361681
37,0.01737313884538862,0.03357096458785236,17.79788885000005,1.6748163889993748,7.2389254529994105,2.7769703030004393,0.31479589100001704,11.155529983999827,0.5553717839999308,0.2694665530000293,0.001,0.029513979068301607,0.012556086260342634,0.08320685311799265,False,,37376,27136,0,0.4781190769999739,43.1764705882353,59.0,7.705882352941177,16.0,17.0,9511746560.0,25253904384.0,8.858504295349121,23.51953125,0.8246195912361145,0.8241540789604187,0.8876733779907227,0.8530484437942505,0.8484559655189514,0.8089743852615356,0.8259162306785583,0.8173575265235894,0.9321117401123047,0.8904978036880493,1919.0,0.7191213369369507,0.803005576133728,1.0988918542861938,0.8320610523223877,0.8128907978534698,0.8636363744735718,0.7037037014961243,0.7755102071102734,0.9300143718719482,0.9086465835571289,131.0,0.6783124804496765,0.8732089400291443,0.7085652947425842,0.935742974281311,0.8954391777515411,0.9285714030265808,0.8125,0.8666666555404662,0.9826857447624207,0.9206430912017822,249.0,0.7745556831359863,0.7802594304084778,0.9756754040718079,0.8188405632972717,0.8175362348556519,0.7838709950447083,0.8073089718818665,0.7954173635303956,0.9042437672615051,0.8827106952667236,690.0,0.6838235259056091,0.627827525138855,0.8454086184501648,0.8181818127632141,0.646428570151329,0.4000000059604645,0.4000000059604645,0.4000000059604645,0.7571429014205933,0.3850167393684387,33.0,0.8669743537902832,0.8521885871887207,0.8198458552360535,0.8615196347236633,0.8628151416778564,0.8109589219093323,0.8705882430076599,0.8397163251870883,0.9401075839996338,0.8984162211418152,816.0,0.7960215597614887
38,0.016417846584446588,0.03363129589706659,17.887650046999966,1.8275272450006241,7.2036758000001555,2.7586451029999353,0.3185795279995318,11.11196990899964,0.575689691999969,0.2553797860000486,0.001,0.02450082148195682,0.012037141391394343,0.07743811767646332,False,,38385,27136,0,0.4710302800000363,40.11764705882353,63.0,7.235294117647059,14.0,17.0,9511746560.0,25253904384.0,8.858504295349121,23.51953125,0.8253886103630066,0.8249265551567078,0.8826672434806824,0.8566961884498596,0.8514862656593323,0.8163001537322998,0.8259162306785583,0.8210800385051268,0.9281181693077087,0.8896588683128357,1919.0,0.7124646306037903,0.7879518270492554,1.1257559061050415,0.8244274854660034,0.8036315441131592,0.8604651093482971,0.6851851940155029,0.762886600687471,0.9093314409255981,0.8901835680007935,131.0,0.6831348538398743,0.8805375099182129,0.6799825429916382,0.9397590160369873,0.9185810685157776,0.8888888955116272,0.875,0.8818897670389545,0.9822635054588318,0.9283027648925781,249.0,0.7738621234893799,0.780528724193573,0.9734480381011963,0.8289855122566223,0.8261578977108002,0.8039867281913757,0.8039867281913757,0.8039867281913757,0.9001870155334473,0.8827217221260071,690.0,0.6811497211456299,0.6267489194869995,0.8715816736221313,0.7575757503509521,0.6928571462631226,0.3333333432674408,0.6000000238418579,0.4285714428643791,0.7142857313156128,0.27878788113594055,33.0,0.8662186861038208,0.853044867515564,0.8097375631332397,0.8639705777168274,0.8636554777622223,0.8207283020019531,0.8617647290229797,0.8407460711386713,0.9367955923080444,0.8944608569145203,816.0,0.7955761850346122
39,0.016040691895023832,0.035267772153019905,17.690853623999942,1.7601664020007775,7.0777677630005655,2.7036677350002947,0.30387951000057,10.909940019001397,0.5492677700000286,0.27535724099993786,0.001,0.029688984130878244,0.013337655952580898,0.08041290532852607,False,,39394,27136,0,0.491160802999957,40.588235294117645,62.0,6.823529411764706,14.0,17.0,9511746048.0,25253904384.0,8.858503818511963,23.51953125,0.8220245838165283,0.8175309896469116,0.911857545375824,0.8478373885154724,0.856090635061264,0.762806236743927,0.8965968489646912,0.8243080588742661,0.9323542714118958,0.8919019103050232,1919.0,0.7134575247764587,0.7853770852088928,1.1138273477554321,0.8167939186096191,0.805435299873352,0.800000011920929,0.7407407164573669,0.7692307616479294,0.9110149145126343,0.8994035720825195,131.0,0.6978873014450073,0.8884109258651733,0.667898416519165,0.9518072009086609,0.9522381722927094,0.8714285492897034,0.953125,0.9104477491111099,0.9814189672470093,0.9167444109916687,249.0,0.760673463344574,0.7561221718788147,1.0412760972976685,0.800000011920929,0.8083423674106598,0.7245178818702698,0.8737541437149048,0.7921686563310969,0.8979493975639343,0.8726215362548828,690.0,0.6731283664703369,0.6394405961036682,0.8317540287971497,0.7272727489471436,0.5928571373224258,0.25,0.4000000059604645,0.3076923094557587,0.7857142686843872,0.5092997550964355,33.0,0.8722420930862427,0.855705976486206,0.8217744827270508,0.8664215803146362,0.8766806721687317,0.7837837934494019,0.9382352828979492,0.8540829997512688,0.9455018043518066,0.9096705317497253,816.0,0.7952393681944628
40,0.016143775852572807,0.03255159757100046,17.78879042899996,1.8054055289994722,7.127447423999115,2.7225789099996973,0.31168977399954656,10.991561429998228,0.5652581969999346,0.26458712499993453,0.001,0.026581366380992386,0.012847927318711297,0.0770157361504477,False,,40403,27136,0,0.4777997820000337,46.05882352941177,74.0,8.882352941176471,17.0,17.0,9511746048.0,25253904384.0,8.858503818511963,23.51953125,0.8211495280265808,0.820106565952301,0.9028562307357788,0.8514851331710815,0.8409538567066193,0.8294360637664795,0.7892670035362244,0.8088531243283652,0.9288309216499329,0.8863715529441833,1919.0,0.7243207097053528,0.7847815155982971,1.2299352884292603,0.8167939186096191,0.7943722903728485,0.8571428656578064,0.6666666865348816,0.7500000158324837,0.9165464043617249,0.8988394141197205,131.0,0.6733579635620117,0.8738692998886108,0.7159164547920227,0.9277108311653137,0.8798141777515411,0.9259259104728699,0.78125,0.8474576206462063,0.9817568063735962,0.9191186428070068,249.0,0.7620617151260376,0.7690356969833374,1.000587821006775,0.8144927620887756,0.8069160878658295,0.8122743964195251,0.7475082874298096,0.7785467158696724,0.8957801461219788,0.8624311685562134,690.0,0.7038770318031311,0.6591337323188782,0.8404719829559326,0.8484848737716675,0.6642857044935226,0.5,0.4000000059604645,0.4444444481237435,0.800000011920929,0.5859649181365967,33.0,0.8719342947006226,0.8574005961418152,0.8016210198402405,0.8651960492134094,0.863445371389389,0.8285714387893677,0.8529411554336548,0.840579705187263,0.9421094655990601,0.9049673080444336,816.0,0.7936951828350804
41,0.015026017961988472,0.033026706194505095,18.00427996199994,1.8379759440011867,7.233441832999915,2.7777693489997546,0.31965404100049,11.175489956000092,0.5778450059999614,0.266779726999971,0.001,0.021074855328319906,0.010590906574838936,0.06401860116513783,False,,41412,27136,0,0.4713055049999184,40.388888888888886,67.0,6.611111111111111,13.0,18.0,9511746560.0,25253904384.0,8.858504295349121,23.51953125,0.8242323994636536,0.8228939175605774,0.8859531879425049,0.8546117544174194,0.8499762117862701,0.8112965226173401,0.8272251486778259,0.8191834118537389,0.9311200976371765,0.8897882103919983,1919.0,0.7299684882164001,0.8021426796913147,1.1044825315475464,0.8167939186096191,0.7971380650997162,0.8409090638160706,0.6851851940155029,0.755102035255543,0.9276094436645508,0.903276801109314,131.0,0.692038893699646,0.881306529045105,0.6901428699493408,0.9397590160369873,0.9083614945411682,0.9152542352676392,0.84375,0.8780487795580213,0.9837837815284729,0.9235172271728516,249.0,0.7644109129905701,0.7693725824356079,0.9924400448799133,0.821739137172699,0.8197311460971832,0.7908496856689453,0.8039867281913757,0.7973641004761266,0.8995464444160461,0.8736473321914673,690.0,0.7222593426704407,0.6401750445365906,0.8295649886131287,0.7575757503509521,0.6107143014669418,0.2857142984867096,0.4000000059604645,0.33333334409528304,0.7714285850524902,0.34525060653686523,33.0,0.8698687553405762,0.8551740646362305,0.8025152087211609,0.8664215803146362,0.8674369752407074,0.8181818127632141,0.8735294342041016,0.8449502209793429,0.9422825574874878,0.9038711190223694,816.0,0.7967871543080189
42,0.015762245792122383,0.032108254032209516,17.825664566,1.8241034960009301,7.194756800999926,2.7420313789990587,0.3196239749988763,11.072659761997897,0.5619240580000451,0.25432354899999154,0.001,0.02686064971165895,0.012884937258223563,0.08044217621054159,False,,42421,27136,0,0.4323561310000059,38.705882352941174,63.0,6.470588235294118,14.0,17.0,9511746048.0,25253904384.0,8.858503818511963,23.51953125,0.8249213099479675,0.8255949020385742,0.8773526549339294,0.8551328778266907,0.8506306409835815,0.8115384578704834,0.8285340070724487,0.8199481727366523,0.9313036203384399,0.8923173546791077,1919.0,0.7151604294776917,0.7795718908309937,1.1518700122833252,0.8167939186096191,0.7971380650997162,0.8409090638160706,0.6851851940155029,0.755102035255543,0.9095718860626221,0.8679167032241821,131.0,0.6693859100341797,0.8744017481803894,0.6940965056419373,0.935742974281311,0.9056587815284729,0.8999999761581421,0.84375,0.8709677307712422,0.978462815284729,0.9140515327453613,249.0,0.7754971385002136,0.7815639972686768,0.9652460217475891,0.8260869383811951,0.8239629566669464,0.796721339225769,0.8073089718818665,0.801980212958131,0.9041754007339478,0.8830677270889282,690.0,0.706885039806366,0.6331634521484375,0.8934342861175537,0.7575757503509521,0.6107143014669418,0.2857142984867096,0.4000000059604645,0.33333334409528304,0.7785714864730835,0.35237014293670654,33.0,0.8721950650215149,0.858744204044342,0.7937866449356079,0.8651960492134094,0.8663865625858307,0.8159340620040894,0.8735294342041016,0.8437500083665093,0.9437469244003296,0.9099711179733276,816.0,0.7975479483045347
43,0.015348780513653215,0.03297752561047673,17.92906518199993,1.8272578649994102,7.203648769999859,2.759794078999903,0.3180939320005791,11.123731810000322,0.5745358960000431,0.26765913299993827,0.001,0.021034361495300073,0.010834712439031656,0.07428720785692021,False,,43430,27136,0,0.46827164900003027,37.5,54.0,6.833333333333333,13.0,18.0,9511746048.0,25253904384.0,8.858503818511963,23.51953125,0.8236780762672424,0.8223166465759277,0.8860746026039124,0.8499218225479126,0.8440861403942108,0.8090909123420715,0.8154450058937073,0.8122555326444548,0.9302542805671692,0.8899933099746704,1919.0,0.7105535864830017,0.7778204083442688,1.1801857948303223,0.8167939186096191,0.7916065156459808,0.875,0.6481481194496155,0.7446808321220184,0.9093313217163086,0.8869137763977051,131.0,0.6632957458496094,0.8661727905273438,0.7235590815544128,0.9277108311653137,0.8951435685157776,0.8833333253860474,0.828125,0.8548387059560055,0.976520299911499,0.9036908745765686,249.0,0.7726989984512329,0.7781152129173279,0.9724522233009338,0.8260869383811951,0.8232114017009735,0.8006644248962402,0.8006644248962402,0.8006644248962402,0.9025271534919739,0.8813047409057617,690.0,0.6814839839935303,0.5944479703903198,0.8834204077720642,0.7272727489471436,0.5928571373224258,0.25,0.4000000059604645,0.3076923094557587,0.7285714149475098,0.28487181663513184,33.0,0.8718437552452087,0.8579137921333313,0.7948797345161438,0.8566176295280457,0.8569327890872955,0.8088642954826355,0.8588235378265381,0.8330955973811217,0.9437777996063232,0.9079256653785706,816.0,0.7948509355023728
44,0.014845680146706555,0.03461789898574352,17.46512454799995,1.7723506649998626,7.003422746000524,2.662579878000656,0.30772333000004437,10.784914232001256,0.5524993290000566,0.25868894899997485,0.001,0.02041491765768698,0.010104952183386706,0.06732958312885229,False,,44439,27136,0,0.4211162510000577,41.88235294117647,62.0,7.470588235294118,13.0,17.0,9511746048.0,25253904384.0,8.858503818511963,23.51953125,0.8166146278381348,0.8163254857063293,0.9041340351104736,0.8488796353340149,0.8483160138130188,0.7897310256958008,0.8455497622489929,0.8166877345351419,0.9274008870124817,0.8818885684013367,1919.0,0.7296802401542664,0.8034049868583679,1.0949920415878296,0.8396946787834167,0.8249158263206482,0.8510638475418091,0.7407407164573669,0.7920792017271906,0.924001932144165,0.9100353717803955,131.0,0.6696261167526245,0.8596859574317932,0.7403745055198669,0.9397590160369873,0.9236908853054047,0.8769230842590332,0.890625,0.8837209339576245,0.9742399454116821,0.8867630958557129,249.0,0.7571962475776672,0.7610612511634827,1.0176268815994263,0.813043475151062,0.8146495521068573,0.7638036608695984,0.8272425532341003,0.7942583753838562,0.8928080797195435,0.8632107377052307,690.0,0.6814839839935303,0.6200352311134338,0.8582528233528137,0.7878788113594055,0.7107143104076385,0.375,0.6000000238418579,0.4615384685922655,0.7857142686843872,0.40095236897468567,33.0,0.8665250539779663,0.853533148765564,0.8106937408447266,0.8553921580314636,0.8579832017421722,0.7983871102333069,0.8735294342041016,0.8342696805032511,0.9411455988883972,0.9011098742485046,816.0,0.7891421786753569
45,0.015045800501094112,0.03389438544400036,17.298132119,1.6091180500004612,7.048772924001128,2.721057547999294,0.30567495999991934,10.834603179000396,0.5164322030000221,0.24266554400003315,0.001,0.025341771977613253,0.011902508198680127,0.07850217165602272,False,,45448,27136,0,0.6214641940000547,40.11764705882353,63.0,6.588235294117647,14.0,17.0,9511746560.0,25253904384.0,8.858504295349121,23.51953125,0.816511332988739,0.8162737488746643,0.9080859422683716,0.8520062565803528,0.8373988568782806,0.8478260636329651,0.7657067775726318,0.8046767274243131,0.9263457655906677,0.8848804235458374,1919.0,0.7218064665794373,0.7770806550979614,1.2043863534927368,0.8244274854660034,0.8008657991886139,0.8780487775802612,0.6666666865348816,0.7578947485979242,0.9223184585571289,0.8843957781791687,131.0,0.6704236268997192,0.8660781383514404,0.7204529643058777,0.935742974281311,0.9107685685157776,0.8870967626571655,0.859375,0.8730158674293454,0.9773648977279663,0.9200737476348877,249.0,0.7658665180206299,0.7720770239830017,0.9955224394798279,0.8231884241104126,0.8127492666244507,0.8429118990898132,0.7308970093727112,0.7829181584837714,0.8991194367408752,0.8766970038414001,690.0,0.6584224700927734,0.5725733637809753,0.9168663024902344,0.8181818127632141,0.646428570151329,0.4000000059604645,0.4000000059604645,0.4000000059604645,0.6857142448425293,0.2732298970222473,33.0,0.865831732749939,0.8497752547264099,0.82218337059021,0.8566176295280457,0.8485294282436371,0.8473520278930664,0.800000011920929,0.8229954691314395,0.9392856955528259,0.9028341770172119,816.0,0.7911342694586674
46,0.015153835764822533,0.03829245059750974,17.387317230000008,1.6250407930007214,7.026141063999944,2.7699729450006316,0.28556765399923734,10.901472442999875,0.5497947090000253,0.26999607100003686,0.001,0.023681982999371378,0.011751449720411542,0.07586898283396112,False,,46457,27136,0,0.45457402799991087,44.125,56.0,8.0,12.0,16.0,9511746048.0,25253904384.0,8.858503818511963,23.51953125,0.8170009851455688,0.8184595108032227,0.9077221751213074,0.8452318906784058,0.8428486585617065,0.7907845377922058,0.8311518430709839,0.8104658528076608,0.9236996173858643,0.8824357986450195,1919.0,0.7150376439094543,0.7780604958534241,1.1584056615829468,0.8015267252922058,0.7813853025436401,0.8181818127632141,0.6666666865348816,0.7346938874313403,0.9105338454246521,0.8849573135375977,131.0,0.6566622853279114,0.8774443864822388,0.6994680166244507,0.9236947894096375,0.8924408853054047,0.868852436542511,0.828125,0.8479999892959593,0.9799830913543701,0.9090456962585449,249.0,0.7591977119445801,0.7640509009361267,1.0185476541519165,0.8159420490264893,0.8145897686481476,0.7806451320648193,0.8039867281913757,0.7921440195022291,0.8924834728240967,0.8715939521789551,690.0,0.6079545617103577,0.5398746132850647,0.9652227163314819,0.7878788113594055,0.6285714358091354,0.3333333432674408,0.4000000059604645,0.3636363720105699,0.7214285135269165,0.3026190400123596,33.0,0.8686063885688782,0.8563851118087769,0.811216413974762,0.8553921580314636,0.8600840270519257,0.7905759215354919,0.8882352709770203,0.8365650896597195,0.9382414817810059,0.9021307229995728,816.0,0.7868007166488771
47,0.014335960922938472,0.03289280296303332,17.160396859000002,1.6997654190004141,6.82781070899955,2.6972239039996566,0.2821437710006194,10.60152055799972,0.535957825999958,0.2583843479999359,0.001,0.021532508740463203,0.010636083286794483,0.0666183381700252,False,,47466,27136,0,0.4444062180000401,43.5,56.0,8.5,17.0,16.0,9511746048.0,25253904384.0,8.858503818511963,23.51953125,0.8228686451911926,0.8220677375793457,0.8865949511528015,0.8530484437942505,0.8488990366458893,0.8073979616165161,0.8285340070724487,0.8178294467542692,0.9287165403366089,0.8881551027297974,1919.0,0.6990284323692322,0.7763575315475464,1.1448997259140015,0.8167939186096191,0.7999038100242615,0.8260869383811951,0.7037037014961243,0.7599999910354613,0.9129389524459839,0.8856221437454224,131.0,0.6698484420776367,0.8692633509635925,0.7081339359283447,0.9196786880493164,0.8897381722927094,0.8548387289047241,0.828125,0.8412698505807205,0.9780405759811401,0.9140398502349854,249.0,0.7701328992843628,0.7763781547546387,0.9783449769020081,0.8231884241104126,0.8210164904594421,0.7934426069259644,0.8039867281913757,0.798679868368867,0.9011178612709045,0.8790570497512817,690.0,0.6998662948608398,0.6000016331672668,0.8873594999313354,0.7575757503509521,0.6107143014669418,0.2857142984867096,0.4000000059604645,0.33333334409528304,0.7428571581840515,0.3103463351726532,33.0,0.8706258535385132,0.8556055426597595,0.8024404644966125,0.8676470518112183,0.8689075410366058,0.8186812996864319,0.8764705657958984,0.846590888467117,0.9414607286453247,0.9036580324172974,816.0,0.7937899799071109
48,0.014255139493506472,0.033816491486504674,16.829742194000005,1.6285148960005245,6.706252595000365,2.635308422000321,0.2678353490001655,10.378112066000881,0.527628615000026,0.24108708500000375,0.001,0.025865068719773853,0.011878262328317743,0.07528171761325887,False,,48475,27136,0,0.43219741500001874,45.3125,73.0,8.1875,16.0,16.0,9511759360.0,25253904384.0,8.858516216278076,23.51953125,0.8205697536468506,0.8196508288383484,0.8945661187171936,0.847316324710846,0.8443586826324463,0.7954830527305603,0.8298429250717163,0.8122997999644498,0.9274201393127441,0.8869400024414062,1919.0,0.6952970623970032,0.7550248503684998,1.2152888774871826,0.8015267252922058,0.7786195278167725,0.8333333134651184,0.6481481194496155,0.7291666409000753,0.899230420589447,0.8493457436561584,131.0,0.6789980530738831,0.8805444240570068,0.6785174012184143,0.9437751173973083,0.9212837815284729,0.9032257795333862,0.875,0.8888888758536577,0.9788851141929626,0.9106727838516235,249.0,0.7708839774131775,0.7742713689804077,0.986153244972229,0.813043475151062,0.8123948574066162,0.7738853693008423,0.8073089718818665,0.790243913189529,0.8988205194473267,0.8824279308319092,690.0,0.6504010558128357,0.5916526913642883,0.8911125063896179,0.7575757503509521,0.6107143014669418,0.2857142984867096,0.4000000059604645,0.33333334409528304,0.764285683631897,0.46484848856925964,33.0,0.8689870834350586,0.8549278378486633,0.8061763048171997,0.8578431606292725,0.8605041801929474,0.801075279712677,0.8764705657958984,0.8370786473999687,0.9414916038513184,0.9080100655555725,816.0,0.793445059785997
49,0.014374741862686176,0.03361277095973492,16.67629953400001,1.6314055030007921,6.630012027999555,2.606606423000244,0.250126147999822,10.260929282999655,0.5244462790000171,0.24973840500001643,0.001,0.02174971261507685,0.011265577282802386,0.06916443492091517,False,,49484,27136,0,0.41690534399992885,36.375,59.0,6.3125,12.0,16.0,9511759360.0,25253904384.0,8.858516216278076,23.51953125,0.820378303527832,0.8207157850265503,0.8937102556228638,0.8504429459571838,0.8469561040401459,0.8015170693397522,0.8298429250717163,0.8154340814956222,0.9262619018554688,0.885516881942749,1919.0,0.704879105091095,0.7756413817405701,1.161238193511963,0.8244274854660034,0.8036315441131592,0.8604651093482971,0.6851851940155029,0.762886600687471,0.9122174978256226,0.8867254257202148,131.0,0.676419734954834,0.891141951084137,0.6570510268211365,0.9477911591529846,0.9342060685157776,0.892307698726654,0.90625,0.8992248094609835,0.9804053902626038,0.9255819916725159,249.0,0.7642834782600403,0.7675731182098389,1.0012685060501099,0.8086956739425659,0.8070356845855713,0.7734627723693848,0.7940199375152588,0.7836065537620058,0.894695520401001,0.8724876046180725,690.0,0.7202540040016174,0.671042799949646,0.8056143522262573,0.8181818127632141,0.646428570151329,0.4000000059604645,0.4000000059604645,0.4000000059604645,0.7928571105003357,0.48500001430511475,33.0,0.8663661479949951,0.8533249497413635,0.8100346326828003,0.8615196347236633,0.8636554479598999,0.8075881004333496,0.8764705657958984,0.8406205953641017,0.9378768801689148,0.8990767002105713,816.0,0.7914780800761252
50,0.013897603035043433,0.034195354441180825,16.701401078000004,1.624169346999338,6.616316197000401,2.612387504000253,0.25300002799951926,10.267888356000071,0.5349837249999609,0.25120090199993683,0.001,0.021613990146599486,0.009916173400780121,0.06399372780690406,False,,50493,27136,0,2.3061999990000004,43.0,64.0,7.0625,13.0,16.0,9511746048.0,25253904384.0,8.858503818511963,23.51953125,0.8203784823417664,0.8191794753074646,0.8997650742530823,0.8467952013015747,0.8450335562229156,0.7908415794372559,0.8363874554634094,0.8129771066192518,0.9235058426856995,0.8796988725662231,1919.0,0.6846901178359985,0.7692761421203613,1.1780210733413696,0.8167939186096191,0.7999038100242615,0.8260869383811951,0.7037037014961243,0.7599999910354613,0.8968254327774048,0.8781836628913879,131.0,0.6661500334739685,0.8857143521308899,0.666414737701416,0.9397590160369873,0.9185810685157776,0.8888888955116272,0.875,0.8818897670389545,0.9784628748893738,0.9062451720237732,249.0,0.7659949660301208,0.7684052586555481,1.005387306213379,0.804347813129425,0.8035553991794586,0.7643312215805054,0.7973421812057495,0.7804878053136286,0.8935595750808716,0.8726637959480286,690.0,0.5845588445663452,0.5485697388648987,0.9306062459945679,0.8181818127632141,0.7285714447498322,0.4285714328289032,0.6000000238418579,0.5000000111758708,0.7000000476837158,0.3075091540813446,33.0,0.8699058890342712,0.8544379472732544,0.8098424077033997,0.8602941036224365,0.8642857074737549,0.7989417910575867,0.8882352709770203,0.8412256119925192,0.9367585182189941,0.8965778350830078,816.0,0.7885544229572549
